2026-01-29 00:05:07,605 [INFO] Starting face recognition loop
2026-01-29 00:05:09,522 [INFO] Recognized user nitish with confidence 31.64
2026-01-29 00:05:09,617 [INFO] Starting simple blink prompt for spoof detection
2026-01-29 00:05:09,671 [INFO] Blink/motion detected, score=10.65
2026-01-29 00:05:10,055 [INFO] Created new attendance file at attendance.csv
2026-01-29 00:05:10,072 [INFO] Attendance marked for nitish at 2026-01-29T00:05:10
2026-01-29 00:05:10,129 [WARNING] Failed to read frame from camera
2026-01-29 00:06:05,436 [INFO] Starting face recognition loop
2026-01-29 00:06:07,139 [INFO] Recognized user nitish with confidence 35.89
2026-01-29 00:06:07,246 [INFO] Starting simple blink prompt for spoof detection
2026-01-29 00:06:07,281 [INFO] Blink/motion detected, score=16.07
2026-01-29 00:06:07,813 [INFO] Attendance already marked today for nitish
2026-01-29 00:06:07,840 [WARNING] Failed to read frame from camera
2026-01-29 00:15:49,250 [INFO] Starting face recognition loop
2026-01-29 00:15:52,326 [INFO] Recognized user nitish with confidence 53.50
2026-01-29 00:15:52,424 [INFO] Starting simple blink prompt for spoof detection
2026-01-29 00:15:52,461 [INFO] Blink/motion detected, score=32.06
2026-01-29 00:15:52,980 [INFO] Created new attendance file at attendance_v2.csv
2026-01-29 00:15:52,980 [WARNING] Detected old attendance format in attendance.csv; writing punch logs to attendance_v2.csv
2026-01-29 00:15:52,996 [INFO] Punch-in (new row) for nitish at 00:15:52
2026-01-29 00:15:53,032 [WARNING] Failed to read frame from camera
2026-01-29 00:16:23,708 [INFO] Starting face recognition loop
2026-01-29 00:16:25,402 [INFO] Recognized user nitish with confidence 49.39
2026-01-29 00:16:25,487 [INFO] Starting simple blink prompt for spoof detection
2026-01-29 00:16:25,520 [INFO] Blink/motion detected, score=10.72
2026-01-29 00:16:26,059 [WARNING] Detected old attendance format in attendance.csv; writing punch logs to attendance_v2.csv
2026-01-29 00:16:26,075 [INFO] Punch-out for nitish at 00:16:26
2026-01-29 00:16:26,102 [WARNING] Failed to read frame from camera
2026-01-29 00:16:31,437 [INFO] Starting face recognition loop
2026-01-29 00:16:33,115 [INFO] Recognized user nitish with confidence 50.79
2026-01-29 00:16:33,204 [INFO] Starting simple blink prompt for spoof detection
2026-01-29 00:16:38,596 [WARNING] Spoof suspected for nitish (no blink detected)
2026-01-29 00:16:38,636 [WARNING] Failed to read frame from camera
2026-01-29 00:16:58,022 [INFO] Starting face recognition loop
2026-01-29 00:17:00,980 [INFO] Recognized user nitish with confidence 52.99
2026-01-29 00:17:01,084 [INFO] Starting simple blink prompt for spoof detection
2026-01-29 00:17:06,477 [WARNING] Spoof suspected for nitish (no blink detected)
2026-01-29 00:17:06,513 [WARNING] Failed to read frame from camera
2026-01-29 00:27:30,544 [INFO] Starting face recognition loop
2026-01-29 00:27:32,266 [INFO] Recognized user 12209647 with confidence 33.80
2026-01-29 00:27:36,462 [INFO] generated new fontManager
2026-01-29 00:27:37,643 [INFO] MediaPipe not available; cannot run EAR blink detection
2026-01-29 00:27:37,677 [INFO] Starting simple blink prompt for spoof detection
2026-01-29 00:27:43,087 [WARNING] Spoof suspected for 12209647 (no blink detected)
2026-01-29 00:27:43,122 [WARNING] Failed to read frame from camera
2026-01-29 00:28:24,884 [INFO] Starting face recognition loop
2026-01-29 00:28:26,579 [INFO] Recognized user nitish with confidence 28.97
2026-01-29 00:28:27,616 [INFO] MediaPipe not available; cannot run EAR blink detection
2026-01-29 00:28:27,651 [INFO] Starting simple blink prompt for spoof detection
2026-01-29 00:28:33,041 [WARNING] Spoof suspected for nitish (no blink detected)
2026-01-29 00:28:33,074 [WARNING] Failed to read frame from camera
2026-01-29 00:31:01,774 [INFO] Starting face recognition loop
2026-01-29 00:31:04,738 [INFO] Recognized user 12209647 with confidence 35.46
2026-01-29 00:31:05,689 [INFO] MediaPipe not available; cannot run EAR blink detection
2026-01-29 00:31:05,726 [INFO] Starting simple blink prompt for spoof detection
2026-01-29 00:31:11,120 [WARNING] Spoof suspected for 12209647 (no blink detected)
2026-01-29 00:31:11,166 [WARNING] Failed to read frame from camera
2026-01-29 00:33:28,076 [INFO] Starting face recognition loop
2026-01-29 00:33:31,069 [INFO] Recognized user 12209647 with confidence 35.71
2026-01-29 00:33:32,010 [INFO] MediaPipe not available; cannot run EAR blink detection
2026-01-29 00:33:32,047 [INFO] Starting simple blink prompt for spoof detection
2026-01-29 00:33:32,080 [INFO] Blink/motion detected, score=14.90
2026-01-29 00:33:32,473 [INFO] Backed up v1 attendance to attendance_v1_backup.csv
2026-01-29 00:33:32,474 [INFO] Upgraded attendance.csv from v1 to v2 format in-place
2026-01-29 00:33:32,489 [INFO] Punch-in (new row) for 12209647 at 00:33:32
2026-01-29 00:33:32,516 [WARNING] Failed to read frame from camera
2026-01-29 00:33:47,279 [INFO] Starting face recognition loop
2026-01-29 00:33:50,252 [INFO] Recognized user nitish with confidence 35.42
2026-01-29 00:33:51,239 [INFO] MediaPipe not available; cannot run EAR blink detection
2026-01-29 00:33:51,275 [INFO] Starting simple blink prompt for spoof detection
2026-01-29 00:33:51,292 [INFO] Blink/motion detected, score=11.52
2026-01-29 00:33:51,695 [INFO] Punch-out for nitish at 00:33:51
2026-01-29 00:33:51,723 [WARNING] Failed to read frame from camera
2026-01-29 00:33:57,044 [INFO] Starting face recognition loop
2026-01-29 00:33:58,733 [INFO] Recognized user nitish with confidence 38.74
2026-01-29 00:33:59,724 [INFO] MediaPipe not available; cannot run EAR blink detection
2026-01-29 00:33:59,768 [INFO] Starting simple blink prompt for spoof detection
2026-01-29 00:33:59,785 [INFO] Blink/motion detected, score=14.07
2026-01-29 00:34:00,183 [INFO] Punch cooldown active for nitish (9.2s < 15s)
2026-01-29 00:34:00,208 [WARNING] Failed to read frame from camera
2026-01-29 02:52:36,739 [INFO] Starting face recognition loop
2026-01-29 02:52:36,973 [INFO] Recognized user AutoUser with confidence 41.88
2026-01-29 02:52:38,966 [INFO] MediaPipe not available; cannot run EAR blink detection
2026-01-29 02:52:40,191 [INFO] Starting simple blink prompt for spoof detection
2026-01-29 02:52:40,277 [INFO] Blink/motion detected, score=179.49
2026-01-29 02:52:40,495 [INFO] Punch-in (new row) for AutoUser at 02:52:40
2026-01-29 02:52:40,654 [INFO] Recognized user AutoUser with confidence 50.71
2026-01-29 02:52:40,719 [INFO] Recognized user AutoUser with confidence 49.91
2026-01-29 02:52:40,785 [INFO] Recognized user AutoUser with confidence 45.70
2026-01-29 02:52:40,885 [INFO] Recognized user AutoUser with confidence 48.74
2026-01-29 02:52:40,952 [INFO] Recognized user AutoUser with confidence 47.18
2026-01-29 02:52:41,017 [INFO] Recognized user AutoUser with confidence 44.84
2026-01-29 02:52:41,085 [INFO] Recognized user AutoUser with confidence 44.76
2026-01-29 02:52:41,152 [INFO] Recognized user AutoUser with confidence 43.27
2026-01-29 02:52:41,217 [INFO] Recognized user AutoUser with confidence 41.55
2026-01-29 02:52:41,285 [INFO] Recognized user AutoUser with confidence 43.77
2026-01-29 02:52:41,351 [INFO] Recognized user AutoUser with confidence 43.40
2026-01-29 02:52:41,417 [INFO] Recognized user AutoUser with confidence 42.07
2026-01-29 02:52:41,496 [INFO] Recognized user AutoUser with confidence 42.74
2026-01-29 02:52:41,547 [INFO] Recognized user AutoUser with confidence 45.00
2026-01-29 02:52:41,618 [INFO] Recognized user AutoUser with confidence 44.49
2026-01-29 02:52:41,694 [INFO] Recognized user AutoUser with confidence 43.26
2026-01-29 02:52:41,783 [INFO] Recognized user AutoUser with confidence 42.90
2026-01-29 02:52:41,850 [INFO] Recognized user AutoUser with confidence 41.13
2026-01-29 02:52:41,917 [INFO] Recognized user AutoUser with confidence 41.82
2026-01-29 02:52:41,978 [INFO] Recognized user AutoUser with confidence 42.54
2026-01-29 02:52:42,101 [INFO] Recognized user AutoUser with confidence 43.37
2026-01-29 02:52:42,152 [INFO] Recognized user AutoUser with confidence 42.19
2026-01-29 02:52:42,253 [INFO] Recognized user AutoUser with confidence 47.06
2026-01-29 02:52:42,324 [INFO] Recognized user AutoUser with confidence 43.10
2026-01-29 02:52:42,383 [INFO] Recognized user AutoUser with confidence 42.85
2026-01-29 02:52:42,459 [INFO] Recognized user AutoUser with confidence 43.49
2026-01-29 02:52:42,517 [INFO] Recognized user AutoUser with confidence 43.90
2026-01-29 02:52:42,586 [INFO] Recognized user AutoUser with confidence 45.17
2026-01-29 02:52:42,653 [INFO] Recognized user AutoUser with confidence 44.48
2026-01-29 02:52:42,719 [INFO] Recognized user AutoUser with confidence 44.74
2026-01-29 02:52:42,786 [INFO] Recognized user AutoUser with confidence 44.01
2026-01-29 02:52:42,854 [INFO] Recognized user AutoUser with confidence 43.05
2026-01-29 02:52:42,921 [INFO] Recognized user AutoUser with confidence 43.01
2026-01-29 02:52:42,986 [INFO] Recognized user AutoUser with confidence 42.15
2026-01-29 02:52:43,053 [INFO] Recognized user AutoUser with confidence 42.50
2026-01-29 02:52:43,117 [INFO] Recognized user AutoUser with confidence 47.11
2026-01-29 02:52:43,186 [INFO] Recognized user AutoUser with confidence 51.12
2026-01-29 02:52:43,252 [INFO] Recognized user AutoUser with confidence 55.36
2026-01-29 02:52:43,320 [INFO] Recognized user AutoUser with confidence 57.87
2026-01-29 02:52:43,384 [INFO] Recognized user AutoUser with confidence 59.81
2026-01-29 02:52:43,451 [INFO] Recognized user AutoUser with confidence 62.32
2026-01-29 02:52:43,518 [INFO] Recognized user AutoUser with confidence 62.71
2026-01-29 02:52:43,585 [INFO] Recognized user AutoUser with confidence 63.41
2026-01-29 02:52:43,652 [INFO] Recognized user AutoUser with confidence 62.31
2026-01-29 02:52:43,718 [INFO] Recognized user AutoUser with confidence 62.71
2026-01-29 02:52:43,786 [INFO] Recognized user AutoUser with confidence 62.89
2026-01-29 02:52:43,851 [INFO] Recognized user AutoUser with confidence 63.95
2026-01-29 02:52:43,917 [INFO] Recognized user AutoUser with confidence 58.49
2026-01-29 02:52:43,986 [INFO] Recognized user AutoUser with confidence 43.60
2026-01-29 02:52:44,051 [INFO] Recognized user AutoUser with confidence 48.03
2026-01-29 02:52:44,117 [INFO] Recognized user AutoUser with confidence 53.05
2026-01-29 02:52:44,185 [INFO] Recognized user AutoUser with confidence 59.86
2026-01-29 02:52:44,251 [INFO] Recognized user AutoUser with confidence 61.85
2026-01-29 02:52:44,318 [INFO] Recognized user AutoUser with confidence 59.85
2026-01-29 02:52:44,384 [INFO] Recognized user AutoUser with confidence 60.18
2026-01-29 02:52:44,751 [INFO] Recognized user AutoUser with confidence 59.79
2026-01-29 02:52:44,818 [INFO] Recognized user AutoUser with confidence 54.58
2026-01-29 02:52:44,883 [INFO] Recognized user AutoUser with confidence 52.04
2026-01-29 02:52:44,951 [INFO] Recognized user AutoUser with confidence 52.43
2026-01-29 02:52:45,017 [INFO] Recognized user AutoUser with confidence 53.38
2026-01-29 02:52:45,085 [INFO] Recognized user AutoUser with confidence 50.37
2026-01-29 02:52:45,151 [INFO] Recognized user AutoUser with confidence 52.70
2026-01-29 02:52:45,220 [INFO] Recognized user AutoUser with confidence 51.40
2026-01-29 02:52:45,285 [INFO] Recognized user AutoUser with confidence 51.11
2026-01-29 02:52:45,354 [INFO] Recognized user AutoUser with confidence 52.68
2026-01-29 02:52:45,418 [INFO] Recognized user AutoUser with confidence 52.77
2026-01-29 02:52:45,486 [INFO] Recognized user AutoUser with confidence 52.89
2026-01-29 02:52:45,552 [INFO] Recognized user AutoUser with confidence 51.19
2026-01-29 02:52:45,619 [INFO] Recognized user AutoUser with confidence 52.28
2026-01-29 02:52:45,684 [INFO] Recognized user AutoUser with confidence 52.52
2026-01-29 02:52:45,753 [INFO] Recognized user AutoUser with confidence 51.06
2026-01-29 02:52:45,819 [INFO] Recognized user AutoUser with confidence 49.96
2026-01-29 02:52:45,887 [INFO] Recognized user AutoUser with confidence 49.82
2026-01-29 02:52:45,952 [INFO] Recognized user AutoUser with confidence 50.67
2026-01-29 02:52:46,019 [INFO] Recognized user AutoUser with confidence 52.82
2026-01-29 02:52:46,084 [INFO] Recognized user AutoUser with confidence 54.09
2026-01-29 02:52:46,150 [INFO] Recognized user AutoUser with confidence 56.83
2026-01-29 02:52:46,819 [INFO] Recognized user AutoUser with confidence 61.10
2026-01-29 02:52:46,882 [INFO] Recognized user AutoUser with confidence 53.61
2026-01-29 02:52:46,950 [INFO] Recognized user AutoUser with confidence 48.21
2026-01-29 02:52:47,016 [INFO] Recognized user AutoUser with confidence 44.27
2026-01-29 02:52:47,101 [INFO] MediaPipe not available; cannot run EAR blink detection
2026-01-29 02:52:47,278 [INFO] Starting simple blink prompt for spoof detection
2026-01-29 02:52:47,368 [INFO] Blink/motion detected, score=179.29
2026-01-29 02:52:47,580 [INFO] Punch cooldown active for AutoUser (7.6s < 15s)
2026-01-29 02:52:47,725 [INFO] Recognized user AutoUser with confidence 53.48
2026-01-29 02:52:47,771 [INFO] Recognized user AutoUser with confidence 44.10
2026-01-29 02:52:47,839 [INFO] Recognized user AutoUser with confidence 40.85
2026-01-29 02:52:47,904 [INFO] Recognized user AutoUser with confidence 43.06
2026-01-29 02:52:47,970 [INFO] Recognized user AutoUser with confidence 44.30
2026-01-29 02:52:48,035 [INFO] Recognized user AutoUser with confidence 42.15
2026-01-29 02:52:48,103 [INFO] Recognized user AutoUser with confidence 41.82
2026-01-29 02:52:48,170 [INFO] Recognized user AutoUser with confidence 41.64
2026-01-29 02:52:48,237 [INFO] Recognized user AutoUser with confidence 42.55
2026-01-29 02:52:48,305 [INFO] Recognized user AutoUser with confidence 42.65
2026-01-29 02:52:48,369 [INFO] Recognized user AutoUser with confidence 43.45
2026-01-29 02:52:48,437 [INFO] Recognized user AutoUser with confidence 43.52
2026-01-29 02:52:48,502 [INFO] Recognized user AutoUser with confidence 43.03
2026-01-29 02:52:48,570 [INFO] Recognized user AutoUser with confidence 42.22
2026-01-29 02:52:48,640 [INFO] Recognized user AutoUser with confidence 41.03
2026-01-29 02:52:48,703 [INFO] Recognized user AutoUser with confidence 43.13
2026-01-29 02:52:48,772 [INFO] Recognized user AutoUser with confidence 44.05
2026-01-29 02:52:48,838 [INFO] Recognized user AutoUser with confidence 47.68
2026-01-29 02:52:48,907 [INFO] Recognized user AutoUser with confidence 47.82
2026-01-29 02:52:48,970 [INFO] Recognized user AutoUser with confidence 46.51
2026-01-29 02:52:49,039 [INFO] Recognized user AutoUser with confidence 48.81
2026-01-29 02:52:49,440 [INFO] Recognized user AutoUser with confidence 54.92
2026-01-29 02:52:49,708 [INFO] Recognized user AutoUser with confidence 64.07
2026-01-29 02:52:49,771 [INFO] Recognized user AutoUser with confidence 59.47
2026-01-29 02:52:49,903 [INFO] Recognized user AutoUser with confidence 56.18
2026-01-29 02:52:49,968 [INFO] Recognized user AutoUser with confidence 46.96
2026-01-29 02:52:50,032 [INFO] Recognized user AutoUser with confidence 46.63
2026-01-29 02:52:50,105 [INFO] Recognized user AutoUser with confidence 44.27
2026-01-29 02:52:50,170 [INFO] Recognized user AutoUser with confidence 42.45
2026-01-29 02:52:50,239 [INFO] Recognized user AutoUser with confidence 42.81
2026-01-29 02:52:50,303 [INFO] Recognized user AutoUser with confidence 42.44
2026-01-29 02:52:50,371 [INFO] Recognized user AutoUser with confidence 43.16
2026-01-29 02:52:50,436 [INFO] Recognized user AutoUser with confidence 42.48
2026-01-29 02:52:50,502 [INFO] Recognized user AutoUser with confidence 42.57
2026-01-29 02:52:50,570 [INFO] Recognized user AutoUser with confidence 43.89
2026-01-29 02:52:50,637 [INFO] Recognized user AutoUser with confidence 43.91
2026-01-29 02:52:50,702 [INFO] Recognized user AutoUser with confidence 45.44
2026-01-29 02:52:50,770 [INFO] Recognized user AutoUser with confidence 48.22
2026-01-29 02:52:50,836 [INFO] Recognized user AutoUser with confidence 47.53
2026-01-29 02:52:50,902 [INFO] Recognized user AutoUser with confidence 45.21
2026-01-29 02:52:50,969 [INFO] Recognized user AutoUser with confidence 45.24
2026-01-29 02:52:51,037 [INFO] Recognized user AutoUser with confidence 44.59
2026-01-29 02:52:51,103 [INFO] Recognized user AutoUser with confidence 46.24
2026-01-29 02:52:51,169 [INFO] Recognized user AutoUser with confidence 46.91
2026-01-29 02:52:51,236 [INFO] Recognized user AutoUser with confidence 46.19
2026-01-29 02:52:51,306 [INFO] Recognized user AutoUser with confidence 47.02
2026-01-29 02:52:51,369 [INFO] Recognized user AutoUser with confidence 47.61
2026-01-29 02:52:51,439 [INFO] Recognized user AutoUser with confidence 45.18
2026-01-29 02:52:51,502 [INFO] Recognized user AutoUser with confidence 45.28
2026-01-29 02:52:51,572 [INFO] Recognized user AutoUser with confidence 48.25
2026-01-29 02:52:51,635 [INFO] Recognized user AutoUser with confidence 44.93
2026-01-29 02:52:51,703 [INFO] Recognized user AutoUser with confidence 47.19
2026-01-29 02:52:51,769 [INFO] Recognized user AutoUser with confidence 46.02
2026-01-29 02:52:51,836 [INFO] Recognized user AutoUser with confidence 50.12
2026-01-29 02:52:51,902 [INFO] Recognized user AutoUser with confidence 50.15
2026-01-29 02:52:51,971 [INFO] Recognized user AutoUser with confidence 48.34
2026-01-29 02:52:52,036 [INFO] Recognized user AutoUser with confidence 48.79
2026-01-29 02:52:52,103 [INFO] Recognized user AutoUser with confidence 50.00
2026-01-29 02:52:52,170 [INFO] Recognized user AutoUser with confidence 48.79
2026-01-29 02:52:52,236 [INFO] Recognized user AutoUser with confidence 49.63
2026-01-29 02:52:52,303 [INFO] Recognized user AutoUser with confidence 53.28
2026-01-29 02:52:52,369 [INFO] Recognized user AutoUser with confidence 46.22
2026-01-29 02:52:52,435 [INFO] Recognized user AutoUser with confidence 50.76
2026-01-29 02:52:52,503 [INFO] Recognized user AutoUser with confidence 49.12
2026-01-29 02:52:52,571 [INFO] Recognized user AutoUser with confidence 46.95
2026-01-29 02:52:52,638 [INFO] Recognized user AutoUser with confidence 47.09
2026-01-29 02:52:52,702 [INFO] Recognized user AutoUser with confidence 48.74
2026-01-29 02:52:52,771 [INFO] Recognized user AutoUser with confidence 49.84
2026-01-29 02:52:52,837 [INFO] Recognized user AutoUser with confidence 52.06
2026-01-29 02:52:52,904 [INFO] Recognized user AutoUser with confidence 50.40
2026-01-29 02:52:52,971 [INFO] Recognized user AutoUser with confidence 51.85
2026-01-29 02:52:53,038 [INFO] Recognized user AutoUser with confidence 52.00
2026-01-29 02:52:53,105 [INFO] Recognized user AutoUser with confidence 52.66
2026-01-29 02:52:53,171 [INFO] Recognized user AutoUser with confidence 51.92
2026-01-29 02:52:53,237 [INFO] Recognized user AutoUser with confidence 51.29
2026-01-29 02:52:53,304 [INFO] Recognized user AutoUser with confidence 50.83
2026-01-29 02:52:53,372 [INFO] Recognized user AutoUser with confidence 49.17
2026-01-29 02:52:53,436 [INFO] Recognized user AutoUser with confidence 48.11
2026-01-29 02:52:53,504 [INFO] Recognized user AutoUser with confidence 48.15
2026-01-29 02:52:53,569 [INFO] Recognized user AutoUser with confidence 47.48
2026-01-29 02:52:53,638 [INFO] Recognized user AutoUser with confidence 48.20
2026-01-29 02:52:53,702 [INFO] Recognized user AutoUser with confidence 47.91
2026-01-29 02:52:53,771 [INFO] Recognized user AutoUser with confidence 45.66
2026-01-29 02:52:53,836 [INFO] Recognized user AutoUser with confidence 47.37
2026-01-29 02:52:53,902 [INFO] Recognized user AutoUser with confidence 43.50
2026-01-29 02:52:53,969 [INFO] Recognized user AutoUser with confidence 47.72
2026-01-29 02:52:54,035 [INFO] Recognized user AutoUser with confidence 47.29
2026-01-29 02:52:54,102 [INFO] Recognized user AutoUser with confidence 43.80
2026-01-29 02:52:54,168 [INFO] Recognized user AutoUser with confidence 45.79
2026-01-29 02:52:54,235 [INFO] Recognized user AutoUser with confidence 47.37
2026-01-29 02:52:54,302 [INFO] Recognized user AutoUser with confidence 42.88
2026-01-29 02:52:54,369 [INFO] Recognized user AutoUser with confidence 46.61
2026-01-29 02:52:54,435 [INFO] Recognized user AutoUser with confidence 46.36
2026-01-29 02:52:54,502 [INFO] Recognized user AutoUser with confidence 45.26
2026-01-29 02:52:54,569 [INFO] Recognized user AutoUser with confidence 45.35
2026-01-29 02:52:54,635 [INFO] Recognized user AutoUser with confidence 46.49
2026-01-29 02:52:54,705 [INFO] Recognized user AutoUser with confidence 43.87
2026-01-29 02:52:54,769 [INFO] Recognized user AutoUser with confidence 48.52
2026-01-29 02:52:54,839 [INFO] Recognized user AutoUser with confidence 48.27
2026-01-29 02:52:54,902 [INFO] Recognized user AutoUser with confidence 43.87
2026-01-29 02:52:54,971 [INFO] Recognized user AutoUser with confidence 49.14
2026-01-29 02:52:55,035 [INFO] Recognized user AutoUser with confidence 47.26
2026-01-29 02:52:55,102 [INFO] Recognized user AutoUser with confidence 51.71
2026-01-29 02:52:55,169 [INFO] Recognized user AutoUser with confidence 47.16
2026-01-29 02:52:55,238 [INFO] Recognized user AutoUser with confidence 50.45
2026-01-29 02:52:55,303 [INFO] Recognized user AutoUser with confidence 45.77
2026-01-29 02:52:55,371 [INFO] Recognized user AutoUser with confidence 48.88
2026-01-29 02:52:55,436 [INFO] Recognized user AutoUser with confidence 51.08
2026-01-29 02:52:55,503 [INFO] Recognized user AutoUser with confidence 47.74
2026-01-29 02:52:55,570 [INFO] Recognized user AutoUser with confidence 48.52
2026-01-29 02:52:55,635 [INFO] Recognized user AutoUser with confidence 51.49
2026-01-29 02:52:55,703 [INFO] Recognized user AutoUser with confidence 46.52
2026-01-29 02:52:55,771 [INFO] Recognized user AutoUser with confidence 43.68
2026-01-29 02:52:55,835 [INFO] Recognized user AutoUser with confidence 46.51
2026-01-29 02:52:55,901 [INFO] Recognized user AutoUser with confidence 47.90
2026-01-29 02:52:55,967 [INFO] Recognized user AutoUser with confidence 50.26
2026-01-29 02:52:56,034 [INFO] Recognized user AutoUser with confidence 48.31
2026-01-29 02:52:56,103 [INFO] Recognized user AutoUser with confidence 46.36
2026-01-29 02:52:56,166 [INFO] Recognized user AutoUser with confidence 48.96
2026-01-29 02:52:56,234 [INFO] Recognized user AutoUser with confidence 49.18
2026-01-29 02:52:56,302 [INFO] Recognized user AutoUser with confidence 46.02
2026-01-29 02:52:56,368 [INFO] Recognized user AutoUser with confidence 49.30
2026-01-29 02:52:56,435 [INFO] Recognized user AutoUser with confidence 48.83
2026-01-29 02:52:56,501 [INFO] Recognized user AutoUser with confidence 46.56
2026-01-29 02:52:56,567 [INFO] Recognized user AutoUser with confidence 46.15
2026-01-29 02:52:56,635 [INFO] Recognized user AutoUser with confidence 46.55
2026-01-29 02:52:56,702 [INFO] Recognized user AutoUser with confidence 49.51
2026-01-29 02:52:56,768 [INFO] Recognized user AutoUser with confidence 52.01
2026-01-29 02:52:56,834 [INFO] Recognized user AutoUser with confidence 58.99
2026-01-29 02:52:56,901 [INFO] Recognized user AutoUser with confidence 59.66
2026-01-29 02:52:56,967 [INFO] Recognized user AutoUser with confidence 60.07
2026-01-29 02:52:57,035 [INFO] Recognized user AutoUser with confidence 57.74
2026-01-29 02:52:57,115 [INFO] MediaPipe not available; cannot run EAR blink detection
2026-01-29 02:52:57,291 [INFO] Starting simple blink prompt for spoof detection
2026-01-29 02:52:57,380 [INFO] Blink/motion detected, score=178.08
2026-01-29 02:52:57,592 [INFO] Punch-out for AutoUser at 02:52:57
2026-01-29 02:52:57,722 [INFO] Recognized user AutoUser with confidence 67.71
2026-01-29 02:52:57,783 [INFO] Recognized user AutoUser with confidence 62.17
2026-01-29 02:52:57,850 [INFO] Recognized user AutoUser with confidence 56.75
2026-01-29 02:52:57,916 [INFO] Recognized user AutoUser with confidence 56.41
2026-01-29 02:52:57,985 [INFO] Recognized user AutoUser with confidence 56.42
2026-01-29 02:52:58,049 [INFO] Recognized user AutoUser with confidence 55.70
2026-01-29 02:52:58,116 [INFO] Recognized user AutoUser with confidence 56.25
2026-01-29 02:52:58,184 [INFO] Recognized user AutoUser with confidence 54.47
2026-01-29 02:52:58,251 [INFO] Recognized user AutoUser with confidence 57.04
2026-01-29 02:52:58,316 [INFO] Recognized user AutoUser with confidence 53.59
2026-01-29 02:52:58,381 [INFO] Recognized user AutoUser with confidence 54.07
2026-01-29 02:52:58,452 [INFO] Recognized user AutoUser with confidence 52.13
2026-01-29 02:52:58,512 [INFO] Recognized user AutoUser with confidence 51.39
2026-01-29 02:52:58,582 [INFO] Recognized user AutoUser with confidence 49.95
2026-01-29 02:52:58,650 [INFO] Recognized user AutoUser with confidence 48.72
2026-01-29 02:52:58,718 [INFO] Recognized user AutoUser with confidence 49.30
2026-01-29 02:52:58,784 [INFO] Recognized user AutoUser with confidence 51.24
2026-01-29 02:52:58,849 [INFO] Recognized user AutoUser with confidence 50.26
2026-01-29 02:52:58,916 [INFO] Recognized user AutoUser with confidence 49.82
2026-01-29 02:52:58,983 [INFO] Recognized user AutoUser with confidence 49.86
2026-01-29 02:52:59,049 [INFO] Recognized user AutoUser with confidence 48.51
2026-01-29 02:52:59,116 [INFO] Recognized user AutoUser with confidence 49.76
2026-01-29 02:52:59,182 [INFO] Recognized user AutoUser with confidence 48.80
2026-01-29 02:52:59,251 [INFO] Recognized user AutoUser with confidence 48.63
2026-01-29 02:52:59,316 [INFO] Recognized user AutoUser with confidence 48.16
2026-01-29 02:52:59,384 [INFO] Recognized user AutoUser with confidence 50.34
2026-01-29 02:52:59,449 [INFO] Recognized user AutoUser with confidence 50.41
2026-01-29 02:52:59,517 [INFO] Recognized user AutoUser with confidence 50.25
2026-01-29 02:52:59,584 [INFO] Recognized user AutoUser with confidence 52.02
2026-01-29 02:52:59,649 [INFO] Recognized user AutoUser with confidence 56.27
2026-01-29 02:52:59,718 [INFO] Recognized user AutoUser with confidence 60.06
2026-01-29 02:52:59,783 [INFO] Recognized user AutoUser with confidence 64.16
2026-01-29 02:52:59,851 [INFO] Recognized user AutoUser with confidence 63.41
2026-01-29 02:52:59,915 [INFO] Recognized user AutoUser with confidence 65.18
2026-01-29 02:52:59,984 [INFO] Recognized user AutoUser with confidence 66.57
2026-01-29 02:53:00,049 [INFO] Recognized user AutoUser with confidence 66.10
2026-01-29 02:53:00,116 [INFO] Recognized user AutoUser with confidence 65.82
2026-01-29 02:53:00,184 [INFO] Recognized user AutoUser with confidence 64.87
2026-01-29 02:53:00,250 [INFO] Recognized user AutoUser with confidence 64.62
2026-01-29 02:53:00,318 [INFO] Recognized user AutoUser with confidence 64.78
2026-01-29 02:53:00,383 [INFO] Recognized user AutoUser with confidence 62.81
2026-01-29 02:53:00,449 [INFO] Recognized user AutoUser with confidence 64.67
2026-01-29 02:53:00,517 [INFO] Recognized user AutoUser with confidence 63.91
2026-01-29 02:53:00,583 [INFO] Recognized user AutoUser with confidence 65.41
2026-01-29 02:53:00,651 [INFO] Recognized user AutoUser with confidence 66.27
2026-01-29 02:53:00,716 [INFO] Recognized user AutoUser with confidence 63.29
2026-01-29 02:53:00,784 [INFO] Recognized user AutoUser with confidence 55.26
2026-01-29 02:53:00,849 [INFO] Recognized user AutoUser with confidence 51.08
2026-01-29 02:53:00,916 [INFO] Recognized user AutoUser with confidence 57.04
2026-01-29 02:53:00,981 [INFO] Recognized user AutoUser with confidence 60.75
2026-01-29 02:53:01,784 [INFO] Recognized user AutoUser with confidence 64.28
2026-01-29 02:53:02,750 [INFO] Recognized user AutoUser with confidence 60.51
2026-01-29 02:53:03,883 [INFO] Recognized user AutoUser with confidence 58.96
2026-01-29 02:53:03,948 [INFO] Recognized user AutoUser with confidence 57.74
2026-01-29 02:53:04,014 [INFO] Recognized user AutoUser with confidence 57.62
2026-01-29 02:53:04,083 [INFO] Recognized user AutoUser with confidence 55.73
2026-01-29 02:53:04,148 [INFO] Recognized user AutoUser with confidence 52.77
2026-01-29 02:53:04,215 [INFO] Recognized user AutoUser with confidence 52.31
2026-01-29 02:53:04,282 [INFO] Recognized user AutoUser with confidence 50.56
2026-01-29 02:53:04,349 [INFO] Recognized user AutoUser with confidence 50.03
2026-01-29 02:53:04,414 [INFO] Recognized user AutoUser with confidence 49.18
2026-01-29 02:53:04,482 [INFO] Recognized user AutoUser with confidence 48.03
2026-01-29 02:53:04,547 [INFO] Recognized user AutoUser with confidence 50.69
2026-01-29 02:53:04,616 [INFO] Recognized user AutoUser with confidence 51.20
2026-01-29 02:53:04,682 [INFO] Recognized user AutoUser with confidence 47.89
2026-01-29 02:53:04,746 [INFO] Recognized user AutoUser with confidence 49.25
2026-01-29 02:53:04,814 [INFO] Recognized user AutoUser with confidence 50.33
2026-01-29 02:53:04,880 [INFO] Recognized user AutoUser with confidence 48.58
2026-01-29 02:53:04,947 [INFO] Recognized user AutoUser with confidence 50.07
2026-01-29 02:53:05,013 [INFO] Recognized user AutoUser with confidence 49.20
2026-01-29 02:53:05,081 [INFO] Recognized user AutoUser with confidence 49.62
2026-01-29 02:53:05,147 [INFO] Recognized user AutoUser with confidence 49.59
2026-01-29 02:53:05,214 [INFO] Recognized user AutoUser with confidence 48.90
2026-01-29 02:53:05,281 [INFO] Recognized user AutoUser with confidence 49.29
2026-01-29 02:53:05,347 [INFO] Recognized user AutoUser with confidence 49.25
2026-01-29 02:53:05,414 [INFO] Recognized user AutoUser with confidence 50.61
2026-01-29 02:53:05,480 [INFO] Recognized user AutoUser with confidence 48.97
2026-01-29 02:53:05,547 [INFO] Recognized user AutoUser with confidence 49.45
2026-01-29 02:53:05,614 [INFO] Recognized user AutoUser with confidence 49.17
2026-01-29 02:53:05,680 [INFO] Recognized user AutoUser with confidence 48.38
2026-01-29 02:53:05,747 [INFO] Recognized user AutoUser with confidence 51.54
2026-01-29 02:53:05,815 [INFO] Recognized user AutoUser with confidence 48.08
2026-01-29 02:53:05,880 [INFO] Recognized user AutoUser with confidence 48.79
2026-01-29 02:53:05,949 [INFO] Recognized user AutoUser with confidence 48.52
2026-01-29 02:53:06,014 [INFO] Recognized user AutoUser with confidence 49.13
2026-01-29 02:53:06,082 [INFO] Recognized user AutoUser with confidence 49.00
2026-01-29 02:53:06,147 [INFO] Recognized user AutoUser with confidence 49.08
2026-01-29 02:53:06,215 [INFO] Recognized user AutoUser with confidence 49.44
2026-01-29 02:53:06,283 [INFO] Recognized user AutoUser with confidence 50.45
2026-01-29 02:53:06,348 [INFO] Recognized user AutoUser with confidence 50.22
2026-01-29 02:53:06,417 [INFO] Recognized user AutoUser with confidence 49.50
2026-01-29 02:53:06,482 [INFO] Recognized user AutoUser with confidence 49.30
2026-01-29 02:53:06,548 [INFO] Recognized user AutoUser with confidence 48.26
2026-01-29 02:53:06,614 [INFO] Recognized user AutoUser with confidence 50.34
2026-01-29 02:53:06,681 [INFO] Recognized user AutoUser with confidence 48.24
2026-01-29 02:53:06,745 [INFO] Recognized user AutoUser with confidence 48.11
2026-01-29 02:53:06,812 [INFO] Recognized user AutoUser with confidence 49.67
2026-01-29 02:53:06,879 [INFO] Recognized user AutoUser with confidence 48.20
2026-01-29 02:53:06,946 [INFO] Recognized user AutoUser with confidence 49.08
2026-01-29 02:53:07,012 [INFO] Recognized user AutoUser with confidence 48.92
2026-01-29 02:53:07,079 [INFO] Recognized user AutoUser with confidence 50.40
2026-01-29 02:53:07,160 [INFO] MediaPipe not available; cannot run EAR blink detection
2026-01-29 02:53:07,339 [INFO] Starting simple blink prompt for spoof detection
2026-01-29 02:53:07,427 [INFO] Blink/motion detected, score=179.30
2026-01-29 02:53:07,640 [INFO] Punch cooldown active for AutoUser (10.6s < 15s)
2026-01-29 02:53:07,770 [INFO] Recognized user AutoUser with confidence 61.29
2026-01-29 02:53:07,829 [INFO] Recognized user AutoUser with confidence 50.83
2026-01-29 02:53:07,897 [INFO] Recognized user AutoUser with confidence 48.30
2026-01-29 02:53:07,962 [INFO] Recognized user AutoUser with confidence 47.33
2026-01-29 02:53:08,031 [INFO] Recognized user AutoUser with confidence 46.67
2026-01-29 02:53:08,095 [INFO] Recognized user AutoUser with confidence 47.12
2026-01-29 02:53:08,162 [INFO] Recognized user AutoUser with confidence 46.77
2026-01-29 02:53:08,229 [INFO] Recognized user AutoUser with confidence 47.71
2026-01-29 02:53:08,297 [INFO] Recognized user AutoUser with confidence 52.04
2026-01-29 02:53:08,364 [INFO] Recognized user AutoUser with confidence 49.60
2026-01-29 02:53:08,428 [INFO] Recognized user AutoUser with confidence 50.02
2026-01-29 02:53:08,496 [INFO] Recognized user AutoUser with confidence 50.81
2026-01-29 02:53:08,563 [INFO] Recognized user AutoUser with confidence 49.88
2026-01-29 02:53:08,631 [INFO] Recognized user AutoUser with confidence 48.70
2026-01-29 02:53:08,698 [INFO] Recognized user AutoUser with confidence 48.64
2026-01-29 02:53:08,765 [INFO] Recognized user AutoUser with confidence 48.20
2026-01-29 02:53:08,832 [INFO] Recognized user AutoUser with confidence 48.55
2026-01-29 02:53:08,898 [INFO] Recognized user AutoUser with confidence 46.09
2026-01-29 02:53:08,964 [INFO] Recognized user AutoUser with confidence 52.39
2026-01-29 02:53:09,031 [INFO] Recognized user AutoUser with confidence 49.77
2026-01-29 02:53:09,098 [INFO] Recognized user AutoUser with confidence 51.33
2026-01-29 02:53:09,165 [INFO] Recognized user AutoUser with confidence 49.67
2026-01-29 02:53:09,233 [INFO] Recognized user AutoUser with confidence 46.02
2026-01-29 02:53:09,298 [INFO] Recognized user AutoUser with confidence 48.24
2026-01-29 02:53:09,366 [INFO] Recognized user AutoUser with confidence 55.38
2026-01-29 02:53:09,431 [INFO] Recognized user AutoUser with confidence 49.42
2026-01-29 02:53:09,500 [INFO] Recognized user AutoUser with confidence 53.53
2026-01-29 02:53:09,566 [INFO] Recognized user AutoUser with confidence 52.70
2026-01-29 02:53:09,634 [INFO] Recognized user AutoUser with confidence 51.83
2026-01-29 02:53:09,699 [INFO] Recognized user AutoUser with confidence 56.15
2026-01-29 02:53:09,767 [INFO] Recognized user AutoUser with confidence 47.76
2026-01-29 02:53:09,833 [INFO] Recognized user AutoUser with confidence 53.87
2026-01-29 02:53:09,897 [INFO] Recognized user AutoUser with confidence 50.93
2026-01-29 02:53:09,964 [INFO] Recognized user AutoUser with confidence 51.45
2026-01-29 02:53:10,031 [INFO] Recognized user AutoUser with confidence 49.92
2026-01-29 02:53:10,098 [INFO] Recognized user AutoUser with confidence 49.27
2026-01-29 02:53:10,163 [INFO] Recognized user AutoUser with confidence 50.54
2026-01-29 02:53:10,233 [INFO] Recognized user AutoUser with confidence 47.94
2026-01-29 02:53:10,296 [INFO] Recognized user AutoUser with confidence 51.09
2026-01-29 02:53:10,365 [INFO] Recognized user AutoUser with confidence 49.19
2026-01-29 02:53:10,430 [INFO] Recognized user AutoUser with confidence 45.83
2026-01-29 02:53:10,498 [INFO] Recognized user AutoUser with confidence 46.00
2026-01-29 02:53:10,563 [INFO] Recognized user AutoUser with confidence 49.65
2026-01-29 02:53:10,630 [INFO] Recognized user AutoUser with confidence 54.34
2026-01-29 02:53:10,697 [INFO] Recognized user AutoUser with confidence 50.60
2026-01-29 02:53:10,764 [INFO] Recognized user AutoUser with confidence 50.17
2026-01-29 02:53:10,830 [INFO] Recognized user AutoUser with confidence 47.51
2026-01-29 02:53:10,898 [INFO] Recognized user AutoUser with confidence 54.14
2026-01-29 02:53:10,963 [INFO] Recognized user AutoUser with confidence 52.73
2026-01-29 02:53:11,031 [INFO] Recognized user AutoUser with confidence 55.69
2026-01-29 02:53:11,095 [INFO] Recognized user AutoUser with confidence 54.15
2026-01-29 02:53:11,165 [INFO] Recognized user AutoUser with confidence 54.32
2026-01-29 02:53:11,233 [INFO] Recognized user AutoUser with confidence 52.54
2026-01-29 02:53:11,296 [INFO] Recognized user AutoUser with confidence 54.59
2026-01-29 02:53:11,363 [INFO] Recognized user AutoUser with confidence 55.76
2026-01-29 02:53:11,429 [INFO] Recognized user AutoUser with confidence 56.89
2026-01-29 02:53:11,498 [INFO] Recognized user AutoUser with confidence 53.42
2026-01-29 02:53:11,563 [INFO] Recognized user AutoUser with confidence 54.27
2026-01-29 02:53:11,632 [INFO] Recognized user AutoUser with confidence 55.19
2026-01-29 02:53:11,696 [INFO] Recognized user AutoUser with confidence 55.55
2026-01-29 02:53:11,762 [INFO] Recognized user AutoUser with confidence 57.63
2026-01-29 02:53:11,829 [INFO] Recognized user AutoUser with confidence 55.33
2026-01-29 02:53:11,897 [INFO] Recognized user AutoUser with confidence 53.38
2026-01-29 02:53:11,962 [INFO] Recognized user AutoUser with confidence 54.93
2026-01-29 02:53:12,029 [INFO] Recognized user AutoUser with confidence 55.74
2026-01-29 02:53:12,097 [INFO] Recognized user AutoUser with confidence 56.67
2026-01-29 02:53:12,161 [INFO] Recognized user AutoUser with confidence 58.42
2026-01-29 02:53:12,231 [INFO] Recognized user AutoUser with confidence 56.04
2026-01-29 02:53:12,297 [INFO] Recognized user AutoUser with confidence 57.31
2026-01-29 02:53:12,361 [INFO] Recognized user AutoUser with confidence 56.53
2026-01-29 02:53:12,430 [INFO] Recognized user AutoUser with confidence 57.11
2026-01-29 02:53:12,496 [INFO] Recognized user AutoUser with confidence 55.96
2026-01-29 02:53:12,564 [INFO] Recognized user AutoUser with confidence 56.61
2026-01-29 02:53:12,628 [INFO] Recognized user AutoUser with confidence 55.87
2026-01-29 02:53:12,697 [INFO] Recognized user AutoUser with confidence 55.49
2026-01-29 02:53:12,763 [INFO] Recognized user AutoUser with confidence 54.82
2026-01-29 02:53:12,830 [INFO] Recognized user AutoUser with confidence 53.84
2026-01-29 02:53:12,897 [INFO] Recognized user AutoUser with confidence 55.89
2026-01-29 02:53:12,963 [INFO] Recognized user AutoUser with confidence 55.49
2026-01-29 02:53:13,031 [INFO] Recognized user AutoUser with confidence 55.21
2026-01-29 02:53:13,095 [INFO] Recognized user AutoUser with confidence 55.68
2026-01-29 02:53:13,163 [INFO] Recognized user AutoUser with confidence 55.05
2026-01-29 02:53:13,227 [INFO] Recognized user AutoUser with confidence 55.29
2026-01-29 02:53:13,296 [INFO] Recognized user AutoUser with confidence 55.15
2026-01-29 02:53:13,362 [INFO] Recognized user AutoUser with confidence 53.34
2026-01-29 02:53:13,430 [INFO] Recognized user AutoUser with confidence 54.65
2026-01-29 02:53:13,495 [INFO] Recognized user AutoUser with confidence 54.08
2026-01-29 02:53:13,563 [INFO] Recognized user AutoUser with confidence 54.68
2026-01-29 02:53:13,628 [INFO] Recognized user AutoUser with confidence 52.96
2026-01-29 02:53:13,696 [INFO] Recognized user AutoUser with confidence 54.77
2026-01-29 02:53:13,764 [INFO] Recognized user AutoUser with confidence 51.51
2026-01-29 02:53:13,829 [INFO] Recognized user AutoUser with confidence 51.02
2026-01-29 02:53:13,897 [INFO] Recognized user AutoUser with confidence 50.89
2026-01-29 02:53:13,963 [INFO] Recognized user AutoUser with confidence 50.60
2026-01-29 02:53:14,027 [INFO] Recognized user AutoUser with confidence 50.11
2026-01-29 02:53:14,095 [INFO] Recognized user AutoUser with confidence 49.64
2026-01-29 02:53:14,161 [INFO] Recognized user AutoUser with confidence 49.52
2026-01-29 02:53:14,228 [INFO] Recognized user AutoUser with confidence 51.88
2026-01-29 02:53:14,294 [INFO] Recognized user AutoUser with confidence 52.25
2026-01-29 02:53:14,363 [INFO] Recognized user AutoUser with confidence 51.64
2026-01-29 02:53:14,429 [INFO] Recognized user AutoUser with confidence 52.49
2026-01-29 02:53:14,495 [INFO] Recognized user AutoUser with confidence 52.54
2026-01-29 02:53:14,564 [INFO] Recognized user AutoUser with confidence 51.49
2026-01-29 02:53:14,626 [INFO] Recognized user AutoUser with confidence 51.22
2026-01-29 02:53:14,697 [INFO] Recognized user AutoUser with confidence 51.49
2026-01-29 02:53:14,760 [INFO] Recognized user AutoUser with confidence 52.99
2026-01-29 02:53:14,830 [INFO] Recognized user AutoUser with confidence 52.43
2026-01-29 02:53:14,893 [INFO] Recognized user AutoUser with confidence 52.03
2026-01-29 02:53:14,964 [INFO] Recognized user AutoUser with confidence 53.76
2026-01-29 02:53:15,026 [INFO] Recognized user AutoUser with confidence 53.05
2026-01-29 02:53:15,096 [INFO] Recognized user AutoUser with confidence 52.25
2026-01-29 02:53:15,160 [INFO] Recognized user AutoUser with confidence 52.51
2026-01-29 02:53:15,229 [INFO] Recognized user AutoUser with confidence 53.41
2026-01-29 02:53:15,294 [INFO] Recognized user AutoUser with confidence 52.68
2026-01-29 02:53:15,363 [INFO] Recognized user AutoUser with confidence 51.76
2026-01-29 02:53:15,427 [INFO] Recognized user AutoUser with confidence 50.22
2026-01-29 02:53:15,496 [INFO] Recognized user AutoUser with confidence 50.66
2026-01-29 02:53:15,560 [INFO] Recognized user AutoUser with confidence 49.37
2026-01-29 02:53:15,629 [INFO] Recognized user AutoUser with confidence 50.63
2026-01-29 02:53:15,694 [INFO] Recognized user AutoUser with confidence 50.84
2026-01-29 02:53:15,760 [INFO] Recognized user AutoUser with confidence 48.48
2026-01-29 02:53:15,828 [INFO] Recognized user AutoUser with confidence 48.59
2026-01-29 02:53:15,894 [INFO] Recognized user AutoUser with confidence 47.49
2026-01-29 02:53:15,961 [INFO] Recognized user AutoUser with confidence 49.99
2026-01-29 02:53:16,029 [INFO] Recognized user AutoUser with confidence 47.10
2026-01-29 02:53:16,094 [INFO] Recognized user AutoUser with confidence 47.71
2026-01-29 02:53:16,159 [INFO] Recognized user AutoUser with confidence 48.51
2026-01-29 02:53:16,228 [INFO] Recognized user AutoUser with confidence 48.41
2026-01-29 02:53:16,294 [INFO] Recognized user AutoUser with confidence 46.95
2026-01-29 02:53:16,363 [INFO] Recognized user AutoUser with confidence 47.60
2026-01-29 02:53:16,426 [INFO] Recognized user AutoUser with confidence 48.07
2026-01-29 02:53:16,495 [INFO] Recognized user AutoUser with confidence 46.91
2026-01-29 02:53:16,559 [INFO] Recognized user AutoUser with confidence 45.58
2026-01-29 02:53:16,629 [INFO] Recognized user AutoUser with confidence 46.07
2026-01-29 02:53:16,694 [INFO] Recognized user AutoUser with confidence 46.12
2026-01-29 02:53:16,762 [INFO] Recognized user AutoUser with confidence 45.92
2026-01-29 02:53:16,825 [INFO] Recognized user AutoUser with confidence 47.51
2026-01-29 02:53:16,894 [INFO] Recognized user AutoUser with confidence 45.71
2026-01-29 02:53:16,959 [INFO] Recognized user AutoUser with confidence 47.17
2026-01-29 02:53:17,028 [INFO] Recognized user AutoUser with confidence 46.69
2026-01-29 02:53:17,092 [INFO] Recognized user AutoUser with confidence 45.43
2026-01-29 02:53:17,177 [INFO] MediaPipe not available; cannot run EAR blink detection
2026-01-29 02:53:17,350 [INFO] Starting simple blink prompt for spoof detection
2026-01-29 02:53:17,440 [INFO] Blink/motion detected, score=178.49
2026-01-29 02:53:17,656 [INFO] Already punched in/out today for AutoUser
2026-01-29 02:53:17,787 [INFO] Recognized user AutoUser with confidence 56.43
2026-01-29 02:53:17,844 [INFO] Recognized user AutoUser with confidence 49.92
2026-01-29 02:53:17,913 [INFO] Recognized user AutoUser with confidence 46.73
2026-01-29 02:53:17,979 [INFO] Recognized user AutoUser with confidence 47.13
2026-01-29 02:53:18,044 [INFO] Recognized user AutoUser with confidence 45.25
2026-01-29 02:53:18,112 [INFO] Recognized user AutoUser with confidence 45.81
2026-01-29 02:53:18,177 [INFO] Recognized user AutoUser with confidence 46.28
2026-01-29 02:53:18,246 [INFO] Recognized user AutoUser with confidence 46.53
2026-01-29 02:53:18,312 [INFO] Recognized user AutoUser with confidence 46.59
2026-01-29 02:53:18,379 [INFO] Recognized user AutoUser with confidence 47.19
2026-01-29 02:53:18,446 [INFO] Recognized user AutoUser with confidence 47.50
2026-01-29 02:53:18,513 [INFO] Recognized user AutoUser with confidence 48.73
2026-01-29 02:53:18,579 [INFO] Recognized user AutoUser with confidence 51.27
2026-01-29 02:53:18,646 [INFO] Recognized user AutoUser with confidence 50.87
2026-01-29 02:53:18,713 [INFO] Recognized user AutoUser with confidence 50.68
2026-01-29 02:53:18,780 [INFO] Recognized user AutoUser with confidence 47.01
2026-01-29 02:53:18,847 [INFO] Recognized user AutoUser with confidence 48.67
2026-01-29 02:53:18,913 [INFO] Recognized user AutoUser with confidence 47.07
2026-01-29 02:53:18,981 [INFO] Recognized user AutoUser with confidence 47.57
2026-01-29 02:53:19,046 [INFO] Recognized user AutoUser with confidence 46.93
2026-01-29 02:53:19,113 [INFO] Recognized user AutoUser with confidence 48.19
2026-01-29 02:53:19,179 [INFO] Recognized user AutoUser with confidence 48.90
2026-01-29 02:53:19,247 [INFO] Recognized user AutoUser with confidence 46.91
2026-01-29 02:53:19,312 [INFO] Recognized user AutoUser with confidence 50.01
2026-01-29 02:53:19,379 [INFO] Recognized user AutoUser with confidence 49.74
2026-01-29 02:53:19,446 [INFO] Recognized user AutoUser with confidence 47.97
2026-01-29 02:53:19,512 [INFO] Recognized user AutoUser with confidence 47.91
2026-01-29 02:53:19,578 [INFO] Recognized user AutoUser with confidence 50.42
2026-01-29 02:53:19,646 [INFO] Recognized user AutoUser with confidence 46.32
2026-01-29 02:53:19,713 [INFO] Recognized user AutoUser with confidence 48.03
2026-01-29 02:53:19,781 [INFO] Recognized user AutoUser with confidence 46.68
2026-01-29 02:53:19,845 [INFO] Recognized user AutoUser with confidence 46.87
2026-01-29 02:53:19,913 [INFO] Recognized user AutoUser with confidence 46.69
2026-01-29 02:53:19,979 [INFO] Recognized user AutoUser with confidence 47.94
2026-01-29 02:53:20,046 [INFO] Recognized user AutoUser with confidence 47.15
2026-01-29 02:53:20,110 [INFO] Recognized user AutoUser with confidence 46.44
2026-01-29 02:53:20,180 [INFO] Recognized user AutoUser with confidence 48.43
2026-01-29 02:53:20,249 [INFO] Recognized user AutoUser with confidence 46.73
2026-01-29 02:53:20,314 [INFO] Recognized user AutoUser with confidence 45.96
2026-01-29 02:53:20,381 [INFO] Recognized user AutoUser with confidence 46.19
2026-01-29 02:53:20,447 [INFO] Recognized user AutoUser with confidence 47.88
2026-01-29 02:53:20,512 [INFO] Recognized user AutoUser with confidence 46.61
2026-01-29 02:53:20,579 [INFO] Recognized user AutoUser with confidence 47.02
2026-01-29 02:53:20,647 [INFO] Recognized user AutoUser with confidence 47.77
2026-01-29 02:53:20,713 [INFO] Recognized user AutoUser with confidence 45.13
2026-01-29 02:53:20,780 [INFO] Recognized user AutoUser with confidence 46.85
2026-01-29 02:53:20,846 [INFO] Recognized user AutoUser with confidence 46.88
2026-01-29 02:53:20,912 [INFO] Recognized user AutoUser with confidence 45.33
2026-01-29 02:53:20,979 [INFO] Recognized user AutoUser with confidence 46.55
2026-01-29 02:53:21,049 [INFO] Recognized user AutoUser with confidence 46.62
2026-01-29 02:53:21,118 [INFO] Recognized user AutoUser with confidence 47.66
2026-01-29 02:53:21,181 [INFO] Recognized user AutoUser with confidence 46.36
2026-01-29 02:53:21,244 [INFO] Recognized user AutoUser with confidence 47.35
2026-01-29 02:53:21,309 [INFO] Recognized user AutoUser with confidence 47.64
2026-01-29 02:53:21,376 [INFO] Recognized user AutoUser with confidence 46.40
2026-01-29 02:53:21,443 [INFO] Recognized user AutoUser with confidence 45.27
2026-01-29 02:53:21,509 [INFO] Recognized user AutoUser with confidence 45.48
2026-01-29 02:53:21,578 [INFO] Recognized user AutoUser with confidence 46.08
2026-01-29 02:53:21,644 [INFO] Recognized user AutoUser with confidence 46.34
2026-01-29 02:53:21,709 [INFO] Recognized user AutoUser with confidence 45.84
2026-01-29 02:53:21,776 [INFO] Recognized user AutoUser with confidence 46.63
2026-01-29 02:53:21,843 [INFO] Recognized user AutoUser with confidence 45.47
2026-01-29 02:53:21,910 [INFO] Recognized user AutoUser with confidence 45.70
2026-01-29 02:53:21,976 [INFO] Recognized user AutoUser with confidence 46.31
2026-01-29 02:53:22,044 [INFO] Recognized user AutoUser with confidence 46.23
2026-01-29 02:53:22,111 [INFO] Recognized user AutoUser with confidence 46.59
2026-01-29 02:53:22,175 [INFO] Recognized user AutoUser with confidence 46.37
2026-01-29 02:53:22,242 [INFO] Recognized user AutoUser with confidence 47.57
2026-01-29 02:53:22,308 [INFO] Recognized user AutoUser with confidence 45.57
2026-01-29 02:53:22,377 [INFO] Recognized user AutoUser with confidence 45.49
2026-01-29 02:53:22,442 [INFO] Recognized user AutoUser with confidence 45.96
2026-01-29 02:53:22,508 [INFO] Recognized user AutoUser with confidence 46.79
2026-01-29 02:53:22,579 [INFO] Recognized user AutoUser with confidence 44.68
2026-01-29 02:53:22,641 [INFO] Recognized user AutoUser with confidence 45.88
2026-01-29 02:53:22,710 [INFO] Recognized user AutoUser with confidence 45.40
2026-01-29 02:53:22,777 [INFO] Recognized user AutoUser with confidence 46.37
2026-01-29 02:53:22,848 [INFO] Recognized user AutoUser with confidence 46.72
2026-01-29 02:53:22,911 [INFO] Recognized user AutoUser with confidence 45.94
2026-01-29 02:53:22,974 [INFO] Recognized user AutoUser with confidence 45.16
2026-01-29 02:53:23,044 [INFO] Recognized user AutoUser with confidence 45.26
2026-01-29 02:53:23,113 [INFO] Recognized user AutoUser with confidence 45.47
2026-01-29 02:53:23,169 [INFO] Recognized user AutoUser with confidence 45.38
2026-01-29 02:53:23,242 [INFO] Recognized user AutoUser with confidence 45.35
2026-01-29 02:53:23,309 [INFO] Recognized user AutoUser with confidence 46.65
2026-01-29 02:53:23,377 [INFO] Recognized user AutoUser with confidence 46.55
2026-01-29 02:53:23,447 [INFO] Recognized user AutoUser with confidence 46.44
2026-01-29 02:53:23,513 [INFO] Recognized user AutoUser with confidence 45.96
2026-01-29 02:53:23,577 [INFO] Recognized user AutoUser with confidence 48.12
2026-01-29 02:53:23,642 [INFO] Recognized user AutoUser with confidence 46.93
2026-01-29 02:53:23,712 [INFO] Recognized user AutoUser with confidence 46.11
2026-01-29 02:53:23,780 [INFO] Recognized user AutoUser with confidence 46.41
2026-01-29 02:53:23,846 [INFO] Recognized user AutoUser with confidence 45.85
2026-01-29 02:53:23,912 [INFO] Recognized user AutoUser with confidence 44.97
2026-01-29 02:53:23,978 [INFO] Recognized user AutoUser with confidence 45.81
2026-01-29 02:53:24,041 [INFO] Recognized user AutoUser with confidence 45.28
2026-01-29 02:53:24,109 [INFO] Recognized user AutoUser with confidence 46.95
2026-01-29 02:53:24,178 [INFO] Recognized user AutoUser with confidence 46.82
2026-01-29 02:53:24,243 [INFO] Recognized user AutoUser with confidence 47.80
2026-01-29 02:53:24,307 [INFO] Recognized user AutoUser with confidence 47.72
2026-01-29 02:53:24,377 [INFO] Recognized user AutoUser with confidence 46.37
2026-01-29 02:53:24,449 [INFO] Recognized user AutoUser with confidence 47.04
2026-01-29 02:53:24,510 [INFO] Recognized user AutoUser with confidence 47.35
2026-01-29 02:53:24,575 [INFO] Recognized user AutoUser with confidence 47.24
2026-01-29 02:53:24,641 [INFO] Recognized user AutoUser with confidence 47.36
2026-01-29 02:53:24,816 [INFO] Recognized user AutoUser with confidence 47.07
2026-01-29 02:53:24,884 [INFO] Recognized user AutoUser with confidence 48.35
2026-01-29 02:53:24,946 [INFO] Recognized user AutoUser with confidence 47.53
2026-01-29 02:53:25,010 [INFO] Recognized user AutoUser with confidence 46.91
2026-01-29 02:53:25,086 [INFO] Recognized user AutoUser with confidence 46.86
2026-01-29 02:53:25,145 [INFO] Recognized user AutoUser with confidence 46.75
2026-01-29 02:53:25,209 [INFO] Recognized user AutoUser with confidence 46.79
2026-01-29 02:53:25,274 [INFO] Recognized user AutoUser with confidence 46.72
2026-01-29 02:53:25,341 [INFO] Recognized user AutoUser with confidence 45.18
2026-01-29 02:53:25,408 [INFO] Recognized user AutoUser with confidence 46.30
2026-01-29 02:53:25,475 [INFO] Recognized user AutoUser with confidence 45.01
2026-01-29 02:53:25,544 [INFO] Recognized user AutoUser with confidence 45.65
2026-01-29 02:53:25,608 [INFO] Recognized user AutoUser with confidence 45.42
2026-01-29 02:53:25,677 [INFO] Recognized user AutoUser with confidence 46.54
2026-01-29 02:53:25,744 [INFO] Recognized user AutoUser with confidence 46.61
2026-01-29 02:53:25,807 [INFO] Recognized user AutoUser with confidence 46.76
2026-01-29 02:53:25,872 [INFO] Recognized user AutoUser with confidence 45.42
2026-01-29 02:53:25,939 [INFO] Recognized user AutoUser with confidence 45.52
2026-01-29 02:53:26,007 [INFO] Recognized user AutoUser with confidence 46.61
2026-01-29 02:53:26,074 [INFO] Recognized user AutoUser with confidence 45.75
2026-01-29 02:53:26,140 [INFO] Recognized user AutoUser with confidence 45.39
2026-01-29 02:53:26,209 [INFO] Recognized user AutoUser with confidence 46.77
2026-01-29 02:53:26,274 [INFO] Recognized user AutoUser with confidence 44.85
2026-01-29 02:53:26,340 [INFO] Recognized user AutoUser with confidence 46.30
2026-01-29 02:53:26,408 [INFO] Recognized user AutoUser with confidence 46.60
2026-01-29 02:53:26,476 [INFO] Recognized user AutoUser with confidence 45.86
2026-01-29 02:53:26,544 [INFO] Recognized user AutoUser with confidence 47.05
2026-01-29 02:53:26,611 [INFO] Recognized user AutoUser with confidence 45.22
2026-01-29 02:53:26,676 [INFO] Recognized user AutoUser with confidence 44.90
2026-01-29 02:53:26,746 [INFO] Recognized user AutoUser with confidence 45.61
2026-01-29 02:53:26,807 [INFO] Recognized user AutoUser with confidence 46.51
2026-01-29 02:53:26,881 [INFO] Recognized user AutoUser with confidence 45.14
2026-01-29 02:53:26,943 [INFO] Recognized user AutoUser with confidence 45.19
2026-01-29 02:53:27,010 [INFO] Recognized user AutoUser with confidence 44.75
2026-01-29 02:53:27,077 [INFO] Recognized user AutoUser with confidence 46.03
2026-01-29 02:53:27,143 [INFO] Recognized user AutoUser with confidence 46.13
2026-01-29 02:53:27,370 [INFO] MediaPipe not available; cannot run EAR blink detection
2026-01-29 02:53:27,584 [INFO] Starting simple blink prompt for spoof detection
2026-01-29 02:53:27,665 [INFO] Blink/motion detected, score=175.99
2026-01-29 02:53:27,881 [INFO] Already punched in/out today for AutoUser
2026-01-29 02:53:28,030 [INFO] Recognized user AutoUser with confidence 54.75
2026-01-29 02:53:28,109 [INFO] Recognized user AutoUser with confidence 47.76
2026-01-29 02:53:28,165 [INFO] Recognized user AutoUser with confidence 44.53
2026-01-29 02:53:28,266 [INFO] Recognized user AutoUser with confidence 44.78
2026-01-29 02:53:28,330 [INFO] Recognized user AutoUser with confidence 44.87
2026-01-29 02:53:28,401 [INFO] Recognized user AutoUser with confidence 45.72
2026-01-29 02:53:28,468 [INFO] Recognized user AutoUser with confidence 46.34
2026-01-29 02:53:28,534 [INFO] Recognized user AutoUser with confidence 45.10
2026-01-29 02:53:28,597 [INFO] Recognized user AutoUser with confidence 44.48
2026-01-29 02:53:28,663 [INFO] Recognized user AutoUser with confidence 45.86
2026-01-29 02:53:28,731 [INFO] Recognized user AutoUser with confidence 45.45
2026-01-29 02:53:28,796 [INFO] Recognized user AutoUser with confidence 45.89
2026-01-29 02:53:28,871 [INFO] Recognized user AutoUser with confidence 48.52
2026-01-29 02:53:28,935 [INFO] Recognized user AutoUser with confidence 48.38
2026-01-29 02:53:28,999 [INFO] Recognized user AutoUser with confidence 47.29
2026-01-29 02:53:29,067 [INFO] Recognized user AutoUser with confidence 47.20
2026-01-29 02:53:29,132 [INFO] Recognized user AutoUser with confidence 49.36
2026-01-29 02:53:29,197 [INFO] Recognized user AutoUser with confidence 48.14
2026-01-29 02:53:29,265 [INFO] Recognized user AutoUser with confidence 45.84
2026-01-29 02:53:29,332 [INFO] Recognized user AutoUser with confidence 47.50
2026-01-29 02:53:29,399 [INFO] Recognized user AutoUser with confidence 46.65
2026-01-29 02:53:29,465 [INFO] Recognized user AutoUser with confidence 46.98
2026-01-29 02:53:29,531 [INFO] Recognized user AutoUser with confidence 46.75
2026-01-29 02:53:29,599 [INFO] Recognized user AutoUser with confidence 45.59
2026-01-29 02:53:29,666 [INFO] Recognized user AutoUser with confidence 47.04
2026-01-29 02:53:29,731 [INFO] Recognized user AutoUser with confidence 47.48
2026-01-29 02:53:29,799 [INFO] Recognized user AutoUser with confidence 47.71
2026-01-29 02:53:29,866 [INFO] Recognized user AutoUser with confidence 46.39
2026-01-29 02:53:29,932 [INFO] Recognized user AutoUser with confidence 47.19
2026-01-29 02:53:29,997 [INFO] Recognized user AutoUser with confidence 48.16
2026-01-29 02:53:30,064 [INFO] Recognized user AutoUser with confidence 46.88
2026-01-29 02:53:30,132 [INFO] Recognized user AutoUser with confidence 47.77
2026-01-29 02:53:30,199 [INFO] Recognized user AutoUser with confidence 47.03
2026-01-29 02:53:30,266 [INFO] Recognized user AutoUser with confidence 46.35
2026-01-29 02:53:30,336 [INFO] Recognized user AutoUser with confidence 48.05
2026-01-29 02:53:30,401 [INFO] Recognized user AutoUser with confidence 47.56
2026-01-29 02:53:30,464 [INFO] Recognized user AutoUser with confidence 48.79
2026-01-29 02:53:30,531 [INFO] Recognized user AutoUser with confidence 47.17
2026-01-29 02:53:30,597 [INFO] Recognized user AutoUser with confidence 47.54
2026-01-29 02:53:30,672 [INFO] Recognized user AutoUser with confidence 47.55
2026-01-29 02:53:30,732 [INFO] Recognized user AutoUser with confidence 47.39
2026-01-29 02:53:30,799 [INFO] Recognized user AutoUser with confidence 47.68
2026-01-29 02:53:30,867 [INFO] Recognized user AutoUser with confidence 46.96
2026-01-29 02:53:30,932 [INFO] Recognized user AutoUser with confidence 47.39
2026-01-29 02:53:31,003 [INFO] Recognized user AutoUser with confidence 46.83
2026-01-29 02:53:31,062 [INFO] Recognized user AutoUser with confidence 46.14
2026-01-29 02:53:31,130 [INFO] Recognized user AutoUser with confidence 46.07
2026-01-29 02:53:31,195 [INFO] Recognized user AutoUser with confidence 46.31
2026-01-29 02:53:31,265 [INFO] Recognized user AutoUser with confidence 46.47
2026-01-29 02:53:31,333 [INFO] Recognized user AutoUser with confidence 47.46
2026-01-29 02:53:31,396 [INFO] Recognized user AutoUser with confidence 46.87
2026-01-29 02:53:31,463 [INFO] Recognized user AutoUser with confidence 46.32
2026-01-29 02:53:31,536 [INFO] Recognized user AutoUser with confidence 46.88
2026-01-29 02:53:31,598 [INFO] Recognized user AutoUser with confidence 47.28
2026-01-29 02:53:31,667 [INFO] Recognized user AutoUser with confidence 47.43
2026-01-29 02:53:31,731 [INFO] Recognized user AutoUser with confidence 47.64
2026-01-29 02:53:31,796 [INFO] Recognized user AutoUser with confidence 46.26
2026-01-29 02:53:31,864 [INFO] Recognized user AutoUser with confidence 47.29
2026-01-29 02:53:31,928 [INFO] Recognized user AutoUser with confidence 47.50
2026-01-29 02:53:31,995 [INFO] Recognized user AutoUser with confidence 47.01
2026-01-29 02:53:32,067 [INFO] Recognized user AutoUser with confidence 46.71
2026-01-29 02:53:32,132 [INFO] Recognized user AutoUser with confidence 47.84
2026-01-29 02:53:32,198 [INFO] Recognized user AutoUser with confidence 47.50
2026-01-29 02:53:32,265 [INFO] Recognized user AutoUser with confidence 47.90
2026-01-29 02:53:32,332 [INFO] Recognized user AutoUser with confidence 47.18
2026-01-29 02:53:32,399 [INFO] Recognized user AutoUser with confidence 48.01
2026-01-29 02:53:32,464 [INFO] Recognized user AutoUser with confidence 47.73
2026-01-29 02:53:32,529 [INFO] Recognized user AutoUser with confidence 48.55
2026-01-29 02:53:32,599 [INFO] Recognized user AutoUser with confidence 46.42
2026-01-29 02:53:32,665 [INFO] Recognized user AutoUser with confidence 47.59
2026-01-29 02:53:32,732 [INFO] Recognized user AutoUser with confidence 47.86
2026-01-29 02:53:32,797 [INFO] Recognized user AutoUser with confidence 46.79
2026-01-29 02:53:32,863 [INFO] Recognized user AutoUser with confidence 47.64
2026-01-29 02:53:32,928 [INFO] Recognized user AutoUser with confidence 48.18
2026-01-29 02:53:33,000 [INFO] Recognized user AutoUser with confidence 47.32
2026-01-29 02:53:33,069 [INFO] Recognized user AutoUser with confidence 47.68
2026-01-29 02:53:33,135 [INFO] Recognized user AutoUser with confidence 46.50
2026-01-29 02:53:33,200 [INFO] Recognized user AutoUser with confidence 46.96
2026-01-29 02:53:33,265 [INFO] Recognized user AutoUser with confidence 47.27
2026-01-29 02:53:33,330 [INFO] Recognized user AutoUser with confidence 46.73
2026-01-29 02:53:33,398 [INFO] Recognized user AutoUser with confidence 46.67
2026-01-29 02:53:33,464 [INFO] Recognized user AutoUser with confidence 46.26
2026-01-29 02:53:33,530 [INFO] Recognized user AutoUser with confidence 46.76
2026-01-29 02:53:33,597 [INFO] Recognized user AutoUser with confidence 46.02
2026-01-29 02:53:33,717 [INFO] Recognized user AutoUser with confidence 46.44
2026-01-29 02:53:33,769 [INFO] Recognized user AutoUser with confidence 46.41
2026-01-29 02:53:33,830 [INFO] Recognized user AutoUser with confidence 46.96
2026-01-29 02:53:33,897 [INFO] Recognized user AutoUser with confidence 47.18
2026-01-29 02:53:33,964 [INFO] Recognized user AutoUser with confidence 45.99
2026-01-29 02:53:34,030 [INFO] Recognized user AutoUser with confidence 46.79
2026-01-29 02:53:34,097 [INFO] Recognized user AutoUser with confidence 47.57
2026-01-29 02:53:34,163 [INFO] Recognized user AutoUser with confidence 47.12
2026-01-29 02:53:34,233 [INFO] Recognized user AutoUser with confidence 46.40
2026-01-29 02:53:34,296 [INFO] Recognized user AutoUser with confidence 46.46
2026-01-29 02:53:34,364 [INFO] Recognized user AutoUser with confidence 46.49
2026-01-29 02:53:34,427 [INFO] Recognized user AutoUser with confidence 45.90
2026-01-29 02:53:34,493 [INFO] Recognized user AutoUser with confidence 47.21
2026-01-29 02:53:34,564 [INFO] Recognized user AutoUser with confidence 46.42
2026-01-29 02:53:34,630 [INFO] Recognized user AutoUser with confidence 47.05
2026-01-29 02:53:34,697 [INFO] Recognized user AutoUser with confidence 45.80
2026-01-29 02:53:34,764 [INFO] Recognized user AutoUser with confidence 46.23
2026-01-29 02:53:34,830 [INFO] Recognized user AutoUser with confidence 46.86
2026-01-29 02:53:34,896 [INFO] Recognized user AutoUser with confidence 47.16
2026-01-29 02:53:34,965 [INFO] Recognized user AutoUser with confidence 47.09
2026-01-29 02:53:35,030 [INFO] Recognized user AutoUser with confidence 46.88
2026-01-29 02:53:35,097 [INFO] Recognized user AutoUser with confidence 46.38
2026-01-29 02:53:35,163 [INFO] Recognized user AutoUser with confidence 45.84
2026-01-29 02:53:35,230 [INFO] Recognized user AutoUser with confidence 46.91
2026-01-29 02:53:35,297 [INFO] Recognized user AutoUser with confidence 46.86
2026-01-29 02:53:35,363 [INFO] Recognized user AutoUser with confidence 47.14
2026-01-29 02:53:35,430 [INFO] Recognized user AutoUser with confidence 47.68
2026-01-29 02:53:35,497 [INFO] Recognized user AutoUser with confidence 46.30
2026-01-29 02:53:35,563 [INFO] Recognized user AutoUser with confidence 46.38
2026-01-29 02:53:35,629 [INFO] Recognized user AutoUser with confidence 47.22
2026-01-29 02:53:35,696 [INFO] Recognized user AutoUser with confidence 48.84
2026-01-29 02:53:35,763 [INFO] Recognized user AutoUser with confidence 48.51
2026-01-29 02:53:35,830 [INFO] Recognized user AutoUser with confidence 46.87
2026-01-29 02:53:35,896 [INFO] Recognized user AutoUser with confidence 46.03
2026-01-29 02:53:35,963 [INFO] Recognized user AutoUser with confidence 47.83
2026-01-29 02:53:36,030 [INFO] Recognized user AutoUser with confidence 47.30
2026-01-29 02:53:36,096 [INFO] Recognized user AutoUser with confidence 46.47
2026-01-29 02:53:36,162 [INFO] Recognized user AutoUser with confidence 47.24
2026-01-29 02:53:36,231 [INFO] Recognized user AutoUser with confidence 46.18
2026-01-29 02:53:36,297 [INFO] Recognized user AutoUser with confidence 47.39
2026-01-29 02:53:36,363 [INFO] Recognized user AutoUser with confidence 45.42
2026-01-29 02:53:36,429 [INFO] Recognized user AutoUser with confidence 46.53
2026-01-29 02:53:36,496 [INFO] Recognized user AutoUser with confidence 46.51
2026-01-29 02:53:36,562 [INFO] Recognized user AutoUser with confidence 47.56
2026-01-29 02:53:36,629 [INFO] Recognized user AutoUser with confidence 46.46
2026-01-29 02:53:36,696 [INFO] Recognized user AutoUser with confidence 47.59
2026-01-29 02:53:36,762 [INFO] Recognized user AutoUser with confidence 46.95
2026-01-29 02:53:36,829 [INFO] Recognized user AutoUser with confidence 46.68
2026-01-29 02:53:36,895 [INFO] Recognized user AutoUser with confidence 48.22
2026-01-29 02:53:36,962 [INFO] Recognized user AutoUser with confidence 46.71
2026-01-29 02:53:37,028 [INFO] Recognized user AutoUser with confidence 47.49
2026-01-29 02:53:37,095 [INFO] Recognized user AutoUser with confidence 46.92
2026-01-29 02:53:37,163 [INFO] Recognized user AutoUser with confidence 47.70
2026-01-29 02:53:37,436 [INFO] MediaPipe not available; cannot run EAR blink detection
2026-01-29 02:53:37,647 [INFO] Starting simple blink prompt for spoof detection
2026-01-29 02:53:37,731 [INFO] Blink/motion detected, score=178.27
2026-01-29 02:53:37,946 [INFO] Already punched in/out today for AutoUser
2026-01-29 02:53:38,087 [INFO] Recognized user AutoUser with confidence 55.36
2026-01-29 02:53:38,137 [INFO] Recognized user AutoUser with confidence 49.67
2026-01-29 02:53:38,200 [INFO] Recognized user AutoUser with confidence 47.52
2026-01-29 02:53:38,264 [INFO] Recognized user AutoUser with confidence 46.41
2026-01-29 02:53:38,365 [INFO] Recognized user AutoUser with confidence 46.12
2026-01-29 02:53:38,432 [INFO] Recognized user AutoUser with confidence 45.81
2026-01-29 02:53:38,497 [INFO] Recognized user AutoUser with confidence 47.61
2026-01-29 02:53:38,565 [INFO] Recognized user AutoUser with confidence 48.04
2026-01-29 02:53:38,631 [INFO] Recognized user AutoUser with confidence 47.85
2026-01-29 02:53:38,697 [INFO] Recognized user AutoUser with confidence 49.23
2026-01-29 02:53:38,764 [INFO] Recognized user AutoUser with confidence 48.93
2026-01-29 02:53:38,830 [INFO] Recognized user AutoUser with confidence 48.36
2026-01-29 02:53:38,902 [INFO] Recognized user AutoUser with confidence 47.56
2026-01-29 02:53:38,966 [INFO] Recognized user AutoUser with confidence 51.57
2026-01-29 02:53:39,028 [INFO] Recognized user AutoUser with confidence 47.70
2026-01-29 02:53:39,098 [INFO] Recognized user AutoUser with confidence 48.55
2026-01-29 02:53:39,165 [INFO] Recognized user AutoUser with confidence 47.56
2026-01-29 02:53:39,232 [INFO] Recognized user AutoUser with confidence 48.16
2026-01-29 02:53:39,299 [INFO] Recognized user AutoUser with confidence 47.51
2026-01-29 02:53:39,366 [INFO] Recognized user AutoUser with confidence 47.33
2026-01-29 02:53:39,432 [INFO] Recognized user AutoUser with confidence 48.88
2026-01-29 02:53:39,499 [INFO] Recognized user AutoUser with confidence 49.28
2026-01-29 02:53:39,566 [INFO] Recognized user AutoUser with confidence 48.01
2026-01-29 02:53:39,632 [INFO] Recognized user AutoUser with confidence 47.95
2026-01-29 02:53:39,699 [INFO] Recognized user AutoUser with confidence 49.06
2026-01-29 02:53:39,766 [INFO] Recognized user AutoUser with confidence 47.86
2026-01-29 02:53:39,832 [INFO] Recognized user AutoUser with confidence 49.00
2026-01-29 02:53:39,899 [INFO] Recognized user AutoUser with confidence 48.00
2026-01-29 02:53:39,964 [INFO] Recognized user AutoUser with confidence 48.26
2026-01-29 02:53:40,032 [INFO] Recognized user AutoUser with confidence 47.71
2026-01-29 02:53:40,098 [INFO] Recognized user AutoUser with confidence 47.17
2026-01-29 02:53:40,166 [INFO] Recognized user AutoUser with confidence 49.37
2026-01-29 02:53:40,233 [INFO] Recognized user AutoUser with confidence 47.17
2026-01-29 02:53:40,299 [INFO] Recognized user AutoUser with confidence 47.35
2026-01-29 02:53:40,365 [INFO] Recognized user AutoUser with confidence 47.75
2026-01-29 02:53:40,431 [INFO] Recognized user AutoUser with confidence 47.46
2026-01-29 02:53:40,498 [INFO] Recognized user AutoUser with confidence 45.98
2026-01-29 02:53:40,568 [INFO] Recognized user AutoUser with confidence 45.70
2026-01-29 02:53:40,632 [INFO] Recognized user AutoUser with confidence 47.69
2026-01-29 02:53:40,698 [INFO] Recognized user AutoUser with confidence 46.54
2026-01-29 02:53:40,766 [INFO] Recognized user AutoUser with confidence 45.57
2026-01-29 02:53:40,831 [INFO] Recognized user AutoUser with confidence 47.71
2026-01-29 02:53:40,896 [INFO] Recognized user AutoUser with confidence 46.76
2026-01-29 02:53:40,965 [INFO] Recognized user AutoUser with confidence 46.11
2026-01-29 02:53:41,031 [INFO] Recognized user AutoUser with confidence 47.01
2026-01-29 02:53:41,102 [INFO] Recognized user AutoUser with confidence 47.45
2026-01-29 02:53:41,169 [INFO] Recognized user AutoUser with confidence 46.53
2026-01-29 02:53:41,235 [INFO] Recognized user AutoUser with confidence 46.46
2026-01-29 02:53:41,297 [INFO] Recognized user AutoUser with confidence 47.36
2026-01-29 02:53:41,363 [INFO] Recognized user AutoUser with confidence 46.76
2026-01-29 02:53:41,430 [INFO] Recognized user AutoUser with confidence 46.14
2026-01-29 02:53:41,498 [INFO] Recognized user AutoUser with confidence 46.99
2026-01-29 02:53:41,562 [INFO] Recognized user AutoUser with confidence 46.42
2026-01-29 02:53:41,633 [INFO] Recognized user AutoUser with confidence 48.74
2026-01-29 02:53:41,700 [INFO] Recognized user AutoUser with confidence 45.99
2026-01-29 02:53:41,764 [INFO] Recognized user AutoUser with confidence 47.33
2026-01-29 02:53:41,833 [INFO] Recognized user AutoUser with confidence 48.40
2026-01-29 02:53:41,897 [INFO] Recognized user AutoUser with confidence 49.02
2026-01-29 02:53:41,964 [INFO] Recognized user AutoUser with confidence 48.65
2026-01-29 02:53:42,030 [INFO] Recognized user AutoUser with confidence 48.37
2026-01-29 02:53:42,098 [INFO] Recognized user AutoUser with confidence 46.52
2026-01-29 02:53:42,167 [INFO] Recognized user AutoUser with confidence 49.60
2026-01-29 02:53:42,231 [INFO] Recognized user AutoUser with confidence 48.19
2026-01-29 02:53:42,298 [INFO] Recognized user AutoUser with confidence 50.07
2026-01-29 02:53:42,363 [INFO] Recognized user AutoUser with confidence 47.38
2026-01-29 02:53:42,429 [INFO] Recognized user AutoUser with confidence 47.25
2026-01-29 02:53:42,497 [INFO] Recognized user AutoUser with confidence 47.79
2026-01-29 02:53:42,564 [INFO] Recognized user AutoUser with confidence 46.55
2026-01-29 02:53:42,630 [INFO] Recognized user AutoUser with confidence 47.87
2026-01-29 02:53:42,697 [INFO] Recognized user AutoUser with confidence 48.75
2026-01-29 02:53:42,763 [INFO] Recognized user AutoUser with confidence 47.53
2026-01-29 02:53:42,831 [INFO] Recognized user AutoUser with confidence 48.65
2026-01-29 02:53:42,896 [INFO] Recognized user AutoUser with confidence 46.73
2026-01-29 02:53:42,962 [INFO] Recognized user AutoUser with confidence 49.07
2026-01-29 02:53:43,031 [INFO] Recognized user AutoUser with confidence 50.92
2026-01-29 02:53:43,097 [INFO] Recognized user AutoUser with confidence 45.29
2026-01-29 02:53:43,164 [INFO] Recognized user AutoUser with confidence 48.81
2026-01-29 02:53:43,229 [INFO] Recognized user AutoUser with confidence 50.18
2026-01-29 02:53:43,296 [INFO] Recognized user AutoUser with confidence 45.94
2026-01-29 02:53:43,362 [INFO] Recognized user AutoUser with confidence 48.15
2026-01-29 02:53:43,430 [INFO] Recognized user AutoUser with confidence 49.81
2026-01-29 02:53:43,497 [INFO] Recognized user AutoUser with confidence 47.17
2026-01-29 02:53:43,563 [INFO] Recognized user AutoUser with confidence 51.35
2026-01-29 02:53:43,629 [INFO] Recognized user AutoUser with confidence 50.19
2026-01-29 02:53:43,695 [INFO] Recognized user AutoUser with confidence 45.97
2026-01-29 02:53:43,763 [INFO] Recognized user AutoUser with confidence 46.85
2026-01-29 02:53:43,831 [INFO] Recognized user AutoUser with confidence 46.97
2026-01-29 02:53:43,897 [INFO] Recognized user AutoUser with confidence 49.81
2026-01-29 02:53:43,965 [INFO] Recognized user AutoUser with confidence 47.60
2026-01-29 02:53:44,032 [INFO] Recognized user AutoUser with confidence 49.04
2026-01-29 02:53:44,098 [INFO] Recognized user AutoUser with confidence 48.58
2026-01-29 02:53:44,163 [INFO] Recognized user AutoUser with confidence 45.97
2026-01-29 02:53:44,229 [INFO] Recognized user AutoUser with confidence 45.56
2026-01-29 02:53:44,297 [INFO] Recognized user AutoUser with confidence 49.91
2026-01-29 02:53:44,366 [INFO] Recognized user AutoUser with confidence 46.03
2026-01-29 02:53:44,431 [INFO] Recognized user AutoUser with confidence 47.63
2026-01-29 02:53:44,499 [INFO] Recognized user AutoUser with confidence 47.45
2026-01-29 02:53:44,563 [INFO] Recognized user AutoUser with confidence 46.94
2026-01-29 02:53:44,631 [INFO] Recognized user AutoUser with confidence 47.61
2026-01-29 02:53:44,697 [INFO] Recognized user AutoUser with confidence 48.10
2026-01-29 02:53:44,763 [INFO] Recognized user AutoUser with confidence 49.85
2026-01-29 02:53:44,831 [INFO] Recognized user AutoUser with confidence 48.90
2026-01-29 02:53:44,898 [INFO] Recognized user AutoUser with confidence 46.55
2026-01-29 02:53:44,964 [INFO] Recognized user AutoUser with confidence 46.71
2026-01-29 02:53:45,030 [INFO] Recognized user AutoUser with confidence 46.96
2026-01-29 02:53:45,097 [INFO] Recognized user AutoUser with confidence 48.92
2026-01-29 02:53:45,163 [INFO] Recognized user AutoUser with confidence 46.70
2026-01-29 02:53:45,229 [INFO] Recognized user AutoUser with confidence 46.70
2026-01-29 02:53:45,297 [INFO] Recognized user AutoUser with confidence 47.08
2026-01-29 02:53:45,365 [INFO] Recognized user AutoUser with confidence 48.40
2026-01-29 02:53:45,429 [INFO] Recognized user AutoUser with confidence 46.25
2026-01-29 02:53:45,496 [INFO] Recognized user AutoUser with confidence 47.52
2026-01-29 02:53:45,563 [INFO] Recognized user AutoUser with confidence 46.46
2026-01-29 02:53:45,631 [INFO] Recognized user AutoUser with confidence 45.61
2026-01-29 02:53:45,696 [INFO] Recognized user AutoUser with confidence 47.19
2026-01-29 02:53:45,764 [INFO] Recognized user AutoUser with confidence 46.52
2026-01-29 02:53:45,831 [INFO] Recognized user AutoUser with confidence 46.52
2026-01-29 02:53:45,896 [INFO] Recognized user AutoUser with confidence 46.60
2026-01-29 02:53:45,967 [INFO] Recognized user AutoUser with confidence 46.86
2026-01-29 02:53:46,031 [INFO] Recognized user AutoUser with confidence 46.50
2026-01-29 02:53:46,094 [INFO] Recognized user AutoUser with confidence 47.15
2026-01-29 02:53:46,162 [INFO] Recognized user AutoUser with confidence 47.18
2026-01-29 02:53:46,229 [INFO] Recognized user AutoUser with confidence 48.02
2026-01-29 02:53:46,296 [INFO] Recognized user AutoUser with confidence 47.06
2026-01-29 02:53:46,363 [INFO] Recognized user AutoUser with confidence 46.56
2026-01-29 02:53:46,431 [INFO] Recognized user AutoUser with confidence 46.24
2026-01-29 02:53:46,497 [INFO] Recognized user AutoUser with confidence 47.55
2026-01-29 02:53:46,563 [INFO] Recognized user AutoUser with confidence 46.63
2026-01-29 02:53:46,630 [INFO] Recognized user AutoUser with confidence 48.14
2026-01-29 02:53:46,698 [INFO] Recognized user AutoUser with confidence 47.11
2026-01-29 02:53:46,762 [INFO] Recognized user AutoUser with confidence 47.51
2026-01-29 02:53:46,830 [INFO] Recognized user AutoUser with confidence 46.48
2026-01-29 02:53:46,895 [INFO] Recognized user AutoUser with confidence 47.30
2026-01-29 02:53:46,962 [INFO] Recognized user AutoUser with confidence 47.96
2026-01-29 02:53:47,028 [INFO] Recognized user AutoUser with confidence 46.42
2026-01-29 02:53:47,096 [INFO] Recognized user AutoUser with confidence 45.57
2026-01-29 02:53:47,162 [INFO] Recognized user AutoUser with confidence 46.63
2026-01-29 02:53:47,230 [INFO] Recognized user AutoUser with confidence 47.49
2026-01-29 02:53:47,353 [INFO] MediaPipe not available; cannot run EAR blink detection
2026-01-29 02:53:47,537 [INFO] Starting simple blink prompt for spoof detection
2026-01-29 02:53:47,631 [INFO] Blink/motion detected, score=176.08
2026-01-29 02:53:47,861 [INFO] Already punched in/out today for AutoUser
2026-01-29 02:53:48,017 [INFO] Recognized user AutoUser with confidence 52.22
2026-01-29 02:53:48,081 [INFO] Recognized user AutoUser with confidence 48.35
2026-01-29 02:53:48,148 [INFO] Recognized user AutoUser with confidence 45.47
2026-01-29 02:53:48,215 [INFO] Recognized user AutoUser with confidence 46.67
2026-01-29 02:53:48,281 [INFO] Recognized user AutoUser with confidence 44.80
2026-01-29 02:53:48,349 [INFO] Recognized user AutoUser with confidence 46.88
2026-01-29 02:53:48,415 [INFO] Recognized user AutoUser with confidence 45.79
2026-01-29 02:53:48,483 [INFO] Recognized user AutoUser with confidence 46.73
2026-01-29 02:53:48,550 [INFO] Recognized user AutoUser with confidence 47.86
2026-01-29 02:53:48,617 [INFO] Recognized user AutoUser with confidence 47.70
2026-01-29 02:53:48,686 [INFO] Recognized user AutoUser with confidence 48.45
2026-01-29 02:53:48,748 [INFO] Recognized user AutoUser with confidence 47.17
2026-01-29 02:53:48,823 [INFO] Recognized user AutoUser with confidence 47.23
2026-01-29 02:53:48,882 [INFO] Recognized user AutoUser with confidence 48.96
2026-01-29 02:53:48,958 [INFO] Recognized user AutoUser with confidence 48.18
2026-01-29 02:53:49,016 [INFO] Recognized user AutoUser with confidence 48.41
2026-01-29 02:53:49,083 [INFO] Recognized user AutoUser with confidence 47.76
2026-01-29 02:53:49,148 [INFO] Recognized user AutoUser with confidence 48.73
2026-01-29 02:53:49,215 [INFO] Recognized user AutoUser with confidence 48.03
2026-01-29 02:53:49,282 [INFO] Recognized user AutoUser with confidence 48.27
2026-01-29 02:53:49,349 [INFO] Recognized user AutoUser with confidence 47.93
2026-01-29 02:53:49,416 [INFO] Recognized user AutoUser with confidence 47.90
2026-01-29 02:53:49,489 [INFO] Recognized user AutoUser with confidence 47.72
2026-01-29 02:53:49,553 [INFO] Recognized user AutoUser with confidence 47.43
2026-01-29 02:53:49,615 [INFO] Recognized user AutoUser with confidence 47.35
2026-01-29 02:53:49,681 [INFO] Recognized user AutoUser with confidence 48.06
2026-01-29 02:53:49,751 [INFO] Recognized user AutoUser with confidence 46.96
2026-01-29 02:53:49,815 [INFO] Recognized user AutoUser with confidence 47.21
2026-01-29 02:53:49,884 [INFO] Recognized user AutoUser with confidence 47.66
2026-01-29 02:53:49,949 [INFO] Recognized user AutoUser with confidence 46.94
2026-01-29 02:53:50,015 [INFO] Recognized user AutoUser with confidence 47.51
2026-01-29 02:53:50,083 [INFO] Recognized user AutoUser with confidence 47.05
2026-01-29 02:53:50,148 [INFO] Recognized user AutoUser with confidence 47.98
2026-01-29 02:53:50,216 [INFO] Recognized user AutoUser with confidence 48.95
2026-01-29 02:53:50,281 [INFO] Recognized user AutoUser with confidence 47.05
2026-01-29 02:53:50,348 [INFO] Recognized user AutoUser with confidence 48.65
2026-01-29 02:53:50,415 [INFO] Recognized user AutoUser with confidence 47.59
2026-01-29 02:53:50,488 [INFO] Recognized user AutoUser with confidence 46.77
2026-01-29 02:53:50,550 [INFO] Recognized user AutoUser with confidence 46.86
2026-01-29 02:53:50,622 [INFO] Recognized user AutoUser with confidence 46.90
2026-01-29 02:53:50,691 [INFO] Recognized user AutoUser with confidence 46.52
2026-01-29 02:53:50,747 [INFO] Recognized user AutoUser with confidence 47.40
2026-01-29 02:53:50,814 [INFO] Recognized user AutoUser with confidence 46.42
2026-01-29 02:53:50,882 [INFO] Recognized user AutoUser with confidence 46.64
2026-01-29 02:53:50,949 [INFO] Recognized user AutoUser with confidence 47.25
2026-01-29 02:53:51,016 [INFO] Recognized user AutoUser with confidence 46.20
2026-01-29 02:53:51,085 [INFO] Recognized user AutoUser with confidence 45.36
2026-01-29 02:53:51,149 [INFO] Recognized user AutoUser with confidence 45.73
2026-01-29 02:53:51,214 [INFO] Recognized user AutoUser with confidence 45.07
2026-01-29 02:53:51,282 [INFO] Recognized user AutoUser with confidence 45.57
2026-01-29 02:53:51,348 [INFO] Recognized user AutoUser with confidence 45.79
2026-01-29 02:53:51,414 [INFO] Recognized user AutoUser with confidence 45.70
2026-01-29 02:53:51,481 [INFO] Recognized user AutoUser with confidence 45.97
2026-01-29 02:53:51,548 [INFO] Recognized user AutoUser with confidence 44.98
2026-01-29 02:53:51,616 [INFO] Recognized user AutoUser with confidence 46.03
2026-01-29 02:53:51,682 [INFO] Recognized user AutoUser with confidence 45.66
2026-01-29 02:53:51,750 [INFO] Recognized user AutoUser with confidence 45.13
2026-01-29 02:53:51,815 [INFO] Recognized user AutoUser with confidence 45.77
2026-01-29 02:53:51,882 [INFO] Recognized user AutoUser with confidence 46.05
2026-01-29 02:53:51,949 [INFO] Recognized user AutoUser with confidence 46.83
2026-01-29 02:53:52,014 [INFO] Recognized user AutoUser with confidence 46.37
2026-01-29 02:53:52,082 [INFO] Recognized user AutoUser with confidence 45.07
2026-01-29 02:53:52,148 [INFO] Recognized user AutoUser with confidence 46.38
2026-01-29 02:53:52,215 [INFO] Recognized user AutoUser with confidence 46.41
2026-01-29 02:53:52,288 [INFO] Recognized user AutoUser with confidence 45.30
2026-01-29 02:53:52,344 [INFO] Recognized user AutoUser with confidence 45.99
2026-01-29 02:53:52,414 [INFO] Recognized user AutoUser with confidence 45.43
2026-01-29 02:53:52,481 [INFO] Recognized user AutoUser with confidence 47.09
2026-01-29 02:53:52,547 [INFO] Recognized user AutoUser with confidence 45.13
2026-01-29 02:53:52,614 [INFO] Recognized user AutoUser with confidence 45.85
2026-01-29 02:53:52,681 [INFO] Recognized user AutoUser with confidence 45.33
2026-01-29 02:53:52,748 [INFO] Recognized user AutoUser with confidence 45.09
2026-01-29 02:53:52,814 [INFO] Recognized user AutoUser with confidence 44.11
2026-01-29 02:53:52,882 [INFO] Recognized user AutoUser with confidence 45.21
2026-01-29 02:53:52,948 [INFO] Recognized user AutoUser with confidence 44.99
2026-01-29 02:53:53,014 [INFO] Recognized user AutoUser with confidence 45.88
2026-01-29 02:53:53,081 [INFO] Recognized user AutoUser with confidence 44.71
2026-01-29 02:53:53,147 [INFO] Recognized user AutoUser with confidence 44.45
2026-01-29 02:53:53,215 [INFO] Recognized user AutoUser with confidence 45.64
2026-01-29 02:53:53,279 [INFO] Recognized user AutoUser with confidence 45.92
2026-01-29 02:53:53,347 [INFO] Recognized user AutoUser with confidence 44.98
2026-01-29 02:53:53,413 [INFO] Recognized user AutoUser with confidence 46.16
2026-01-29 02:53:53,481 [INFO] Recognized user AutoUser with confidence 46.06
2026-01-29 02:53:53,547 [INFO] Recognized user AutoUser with confidence 46.57
2026-01-29 02:53:53,613 [INFO] Recognized user AutoUser with confidence 45.29
2026-01-29 02:53:53,682 [INFO] Recognized user AutoUser with confidence 45.85
2026-01-29 02:53:53,748 [INFO] Recognized user AutoUser with confidence 45.65
2026-01-29 02:53:53,815 [INFO] Recognized user AutoUser with confidence 45.71
2026-01-29 02:53:53,884 [INFO] Recognized user AutoUser with confidence 48.05
2026-01-29 02:53:53,956 [INFO] Recognized user AutoUser with confidence 45.87
2026-01-29 02:53:54,012 [INFO] Recognized user AutoUser with confidence 45.33
2026-01-29 02:53:54,078 [INFO] Recognized user AutoUser with confidence 45.39
2026-01-29 02:53:54,148 [INFO] Recognized user AutoUser with confidence 46.01
2026-01-29 02:53:54,214 [INFO] Recognized user AutoUser with confidence 49.38
2026-01-29 02:53:54,294 [INFO] Recognized user AutoUser with confidence 49.42
2026-01-29 02:53:54,346 [INFO] Recognized user AutoUser with confidence 51.16
2026-01-29 02:53:54,414 [INFO] Recognized user AutoUser with confidence 51.10
2026-01-29 02:53:54,480 [INFO] Recognized user AutoUser with confidence 49.42
2026-01-29 02:53:54,548 [INFO] Recognized user AutoUser with confidence 49.33
2026-01-29 02:53:54,615 [INFO] Recognized user AutoUser with confidence 50.09
2026-01-29 02:53:54,679 [INFO] Recognized user AutoUser with confidence 51.94
2026-01-29 02:53:54,746 [INFO] Recognized user AutoUser with confidence 50.69
2026-01-29 02:53:54,814 [INFO] Recognized user AutoUser with confidence 49.95
2026-01-29 02:53:54,881 [INFO] Recognized user AutoUser with confidence 51.57
2026-01-29 02:53:54,946 [INFO] Recognized user AutoUser with confidence 48.95
2026-01-29 02:53:55,014 [INFO] Recognized user AutoUser with confidence 48.18
2026-01-29 02:53:55,081 [INFO] Recognized user AutoUser with confidence 47.45
2026-01-29 02:53:55,147 [INFO] Recognized user AutoUser with confidence 49.10
2026-01-29 02:53:55,213 [INFO] Recognized user AutoUser with confidence 48.88
2026-01-29 02:53:55,280 [INFO] Recognized user AutoUser with confidence 50.58
2026-01-29 02:53:55,348 [INFO] Recognized user AutoUser with confidence 50.61
2026-01-29 02:53:55,423 [INFO] Recognized user AutoUser with confidence 52.27
2026-01-29 02:53:55,481 [INFO] Recognized user AutoUser with confidence 54.00
2026-01-29 02:53:55,547 [INFO] Recognized user AutoUser with confidence 55.74
2026-01-29 02:53:55,615 [INFO] Recognized user AutoUser with confidence 56.14
2026-01-29 02:53:55,682 [INFO] Recognized user AutoUser with confidence 57.94
2026-01-29 02:53:55,750 [INFO] Recognized user AutoUser with confidence 57.25
2026-01-29 02:53:55,818 [INFO] Recognized user AutoUser with confidence 55.36
2026-01-29 02:53:55,882 [INFO] Recognized user AutoUser with confidence 56.51
2026-01-29 02:53:55,950 [INFO] Recognized user AutoUser with confidence 57.65
2026-01-29 02:53:56,018 [INFO] Recognized user AutoUser with confidence 59.04
2026-01-29 02:53:56,083 [INFO] Recognized user AutoUser with confidence 59.59
2026-01-29 02:53:56,151 [INFO] Recognized user AutoUser with confidence 60.04
2026-01-29 02:53:56,217 [INFO] Recognized user AutoUser with confidence 57.64
2026-01-29 02:53:56,283 [INFO] Recognized user AutoUser with confidence 58.82
2026-01-29 02:53:56,351 [INFO] Recognized user AutoUser with confidence 56.94
2026-01-29 02:53:56,417 [INFO] Recognized user AutoUser with confidence 55.41
2026-01-29 02:53:56,486 [INFO] Recognized user AutoUser with confidence 56.46
2026-01-29 02:53:56,552 [INFO] Recognized user AutoUser with confidence 56.25
2026-01-29 02:53:56,617 [INFO] Recognized user AutoUser with confidence 54.11
2026-01-29 02:53:56,685 [INFO] Recognized user AutoUser with confidence 55.55
2026-01-29 02:53:56,752 [INFO] Recognized user AutoUser with confidence 56.19
2026-01-29 02:53:56,818 [INFO] Recognized user AutoUser with confidence 57.65
2026-01-29 02:53:56,884 [INFO] Recognized user AutoUser with confidence 58.78
2026-01-29 02:53:56,951 [INFO] Recognized user AutoUser with confidence 58.14
2026-01-29 02:53:57,017 [INFO] Recognized user AutoUser with confidence 57.62
2026-01-29 02:53:57,150 [INFO] Recognized user 12209647 with confidence 65.56
2026-01-29 02:53:57,236 [INFO] MediaPipe not available; cannot run EAR blink detection
2026-01-29 02:53:57,415 [INFO] Starting simple blink prompt for spoof detection
2026-01-29 02:53:57,502 [INFO] Blink/motion detected, score=170.87
2026-01-29 02:53:57,715 [INFO] Punch-out for 12209647 at 02:53:57
2026-01-29 02:53:57,846 [INFO] Recognized user AutoUser with confidence 54.88
2026-01-29 02:53:57,889 [INFO] MediaPipe not available; cannot run EAR blink detection
2026-01-29 02:53:58,058 [INFO] Starting simple blink prompt for spoof detection
2026-01-29 02:53:58,154 [INFO] Blink/motion detected, score=173.07
2026-01-29 02:53:58,368 [INFO] Already punched in/out today for AutoUser
2026-01-29 02:53:58,497 [INFO] Recognized user AutoUser with confidence 53.55
2026-01-29 02:53:58,561 [INFO] Recognized user AutoUser with confidence 47.65
2026-01-29 02:53:58,627 [INFO] Recognized user AutoUser with confidence 47.32
2026-01-29 02:53:58,695 [INFO] Recognized user AutoUser with confidence 45.88
2026-01-29 02:53:58,758 [INFO] Recognized user AutoUser with confidence 44.28
2026-01-29 02:53:58,825 [INFO] Recognized user AutoUser with confidence 43.59
2026-01-29 02:53:58,890 [INFO] Recognized user AutoUser with confidence 45.26
2026-01-29 02:53:58,958 [INFO] Recognized user AutoUser with confidence 44.82
2026-01-29 02:53:59,027 [INFO] Recognized user AutoUser with confidence 43.60
2026-01-29 02:53:59,093 [INFO] Recognized user AutoUser with confidence 44.71
2026-01-29 02:53:59,160 [INFO] Recognized user AutoUser with confidence 46.07
2026-01-29 02:53:59,225 [INFO] Recognized user AutoUser with confidence 43.53
2026-01-29 02:53:59,291 [INFO] Recognized user AutoUser with confidence 43.03
2026-01-29 02:53:59,358 [INFO] Recognized user AutoUser with confidence 43.98
2026-01-29 02:53:59,427 [INFO] Recognized user AutoUser with confidence 44.10
2026-01-29 02:53:59,494 [INFO] Recognized user AutoUser with confidence 43.23
2026-01-29 02:53:59,560 [INFO] Recognized user AutoUser with confidence 44.48
2026-01-29 02:53:59,628 [INFO] Recognized user AutoUser with confidence 44.82
2026-01-29 02:53:59,693 [INFO] Recognized user AutoUser with confidence 45.90
2026-01-29 02:53:59,761 [INFO] Recognized user AutoUser with confidence 43.78
2026-01-29 02:53:59,825 [INFO] Recognized user AutoUser with confidence 44.37
2026-01-29 02:53:59,893 [INFO] Recognized user AutoUser with confidence 45.09
2026-01-29 02:53:59,958 [INFO] Recognized user AutoUser with confidence 43.92
2026-01-29 02:54:00,027 [INFO] Recognized user AutoUser with confidence 43.75
2026-01-29 02:54:00,093 [INFO] Recognized user AutoUser with confidence 43.95
2026-01-29 02:54:00,158 [INFO] Recognized user AutoUser with confidence 43.22
2026-01-29 02:54:00,226 [INFO] Recognized user AutoUser with confidence 44.48
2026-01-29 02:54:00,291 [INFO] Recognized user AutoUser with confidence 45.34
2026-01-29 02:54:00,359 [INFO] Recognized user AutoUser with confidence 44.95
2026-01-29 02:54:00,424 [INFO] Recognized user AutoUser with confidence 44.76
2026-01-29 02:54:00,494 [INFO] Recognized user AutoUser with confidence 43.93
2026-01-29 02:54:00,558 [INFO] Recognized user AutoUser with confidence 43.73
2026-01-29 02:54:00,627 [INFO] Recognized user AutoUser with confidence 43.07
2026-01-29 02:54:00,692 [INFO] Recognized user AutoUser with confidence 44.47
2026-01-29 02:54:00,759 [INFO] Recognized user AutoUser with confidence 44.34
2026-01-29 02:54:00,825 [INFO] Recognized user AutoUser with confidence 44.02
2026-01-29 02:54:00,891 [INFO] Recognized user AutoUser with confidence 44.60
2026-01-29 02:54:00,960 [INFO] Recognized user AutoUser with confidence 44.01
2026-01-29 02:54:01,025 [INFO] Recognized user AutoUser with confidence 44.08
2026-01-29 02:54:01,092 [INFO] Recognized user AutoUser with confidence 45.68
2026-01-29 02:54:01,158 [INFO] Recognized user AutoUser with confidence 46.22
2026-01-29 02:54:01,225 [INFO] Recognized user AutoUser with confidence 45.44
2026-01-29 02:54:01,294 [INFO] Recognized user AutoUser with confidence 43.95
2026-01-29 02:54:01,359 [INFO] Recognized user AutoUser with confidence 45.08
2026-01-29 02:54:01,425 [INFO] Recognized user AutoUser with confidence 44.99
2026-01-29 02:54:01,493 [INFO] Recognized user AutoUser with confidence 45.67
2026-01-29 02:54:01,558 [INFO] Recognized user AutoUser with confidence 44.81
2026-01-29 02:54:01,625 [INFO] Recognized user AutoUser with confidence 44.35
2026-01-29 02:54:01,691 [INFO] Recognized user AutoUser with confidence 44.47
2026-01-29 02:54:01,759 [INFO] Recognized user AutoUser with confidence 43.82
2026-01-29 02:54:01,825 [INFO] Recognized user AutoUser with confidence 43.10
2026-01-29 02:54:01,893 [INFO] Recognized user AutoUser with confidence 44.01
2026-01-29 02:54:01,958 [INFO] Recognized user AutoUser with confidence 43.78
2026-01-29 02:54:02,027 [INFO] Recognized user AutoUser with confidence 46.63
2026-01-29 02:54:02,094 [INFO] Recognized user AutoUser with confidence 45.43
2026-01-29 02:54:02,160 [INFO] Recognized user AutoUser with confidence 44.30
2026-01-29 02:54:02,228 [INFO] Recognized user AutoUser with confidence 43.86
2026-01-29 02:54:02,292 [INFO] Recognized user AutoUser with confidence 43.68
2026-01-29 02:54:02,361 [INFO] Recognized user AutoUser with confidence 43.45
2026-01-29 02:54:02,424 [INFO] Recognized user AutoUser with confidence 44.58
2026-01-29 02:54:02,490 [INFO] Recognized user AutoUser with confidence 43.84
2026-01-29 02:54:02,557 [INFO] Recognized user AutoUser with confidence 44.33
2026-01-29 02:54:02,624 [INFO] Recognized user AutoUser with confidence 43.69
2026-01-29 02:54:02,691 [INFO] Recognized user AutoUser with confidence 43.19
2026-01-29 02:54:02,757 [INFO] Recognized user AutoUser with confidence 43.83
2026-01-29 02:54:02,825 [INFO] Recognized user AutoUser with confidence 44.57
2026-01-29 02:54:02,891 [INFO] Recognized user AutoUser with confidence 45.34
2026-01-29 02:54:02,958 [INFO] Recognized user AutoUser with confidence 43.68
2026-01-29 02:54:03,024 [INFO] Recognized user AutoUser with confidence 43.25
2026-01-29 02:54:03,092 [INFO] Recognized user AutoUser with confidence 44.62
2026-01-29 02:54:03,159 [INFO] Recognized user AutoUser with confidence 43.99
2026-01-29 02:54:03,224 [INFO] Recognized user AutoUser with confidence 44.24
2026-01-29 02:54:03,292 [INFO] Recognized user AutoUser with confidence 44.26
2026-01-29 02:54:03,357 [INFO] Recognized user AutoUser with confidence 43.82
2026-01-29 02:54:03,425 [INFO] Recognized user AutoUser with confidence 43.28
2026-01-29 02:54:03,490 [INFO] Recognized user AutoUser with confidence 43.84
2026-01-29 02:54:03,557 [INFO] Recognized user AutoUser with confidence 43.69
2026-01-29 02:54:03,624 [INFO] Recognized user AutoUser with confidence 43.08
2026-01-29 02:54:03,690 [INFO] Recognized user AutoUser with confidence 44.45
2026-01-29 02:54:03,757 [INFO] Recognized user AutoUser with confidence 45.18
2026-01-29 02:54:03,823 [INFO] Recognized user AutoUser with confidence 44.10
2026-01-29 02:54:03,890 [INFO] Recognized user AutoUser with confidence 44.73
2026-01-29 02:54:03,956 [INFO] Recognized user AutoUser with confidence 44.08
2026-01-29 02:54:04,023 [INFO] Recognized user AutoUser with confidence 44.34
2026-01-29 02:54:04,090 [INFO] Recognized user AutoUser with confidence 43.78
2026-01-29 02:54:04,158 [INFO] Recognized user AutoUser with confidence 43.75
2026-01-29 02:54:04,225 [INFO] Recognized user AutoUser with confidence 43.82
2026-01-29 02:54:04,292 [INFO] Recognized user AutoUser with confidence 44.29
2026-01-29 02:54:04,355 [INFO] Recognized user AutoUser with confidence 44.11
2026-01-29 02:54:04,421 [INFO] Recognized user AutoUser with confidence 44.18
2026-01-29 02:54:04,490 [INFO] Recognized user AutoUser with confidence 44.73
2026-01-29 02:54:04,556 [INFO] Recognized user AutoUser with confidence 44.38
2026-01-29 02:54:04,625 [INFO] Recognized user AutoUser with confidence 44.04
2026-01-29 02:54:04,691 [INFO] Recognized user AutoUser with confidence 44.01
2026-01-29 02:54:04,759 [INFO] Recognized user AutoUser with confidence 43.05
2026-01-29 02:54:04,823 [INFO] Recognized user AutoUser with confidence 43.02
2026-01-29 02:54:04,891 [INFO] Recognized user AutoUser with confidence 43.57
2026-01-29 02:54:04,957 [INFO] Recognized user AutoUser with confidence 43.07
2026-01-29 02:54:05,022 [INFO] Recognized user AutoUser with confidence 43.87
2026-01-29 02:54:05,089 [INFO] Recognized user AutoUser with confidence 43.19
2026-01-29 02:54:05,157 [INFO] Recognized user AutoUser with confidence 44.27
2026-01-29 02:54:05,224 [INFO] Recognized user AutoUser with confidence 42.80
2026-01-29 02:54:05,290 [INFO] Recognized user AutoUser with confidence 43.56
2026-01-29 02:54:05,356 [INFO] Recognized user AutoUser with confidence 43.59
2026-01-29 02:54:05,423 [INFO] Recognized user AutoUser with confidence 42.84
2026-01-29 02:54:05,489 [INFO] Recognized user AutoUser with confidence 42.43
2026-01-29 02:54:05,557 [INFO] Recognized user AutoUser with confidence 42.58
2026-01-29 02:54:05,623 [INFO] Recognized user AutoUser with confidence 43.69
2026-01-29 02:54:05,691 [INFO] Recognized user AutoUser with confidence 44.78
2026-01-29 02:54:05,757 [INFO] Recognized user AutoUser with confidence 44.62
2026-01-29 02:54:05,823 [INFO] Recognized user AutoUser with confidence 48.68
2026-01-29 02:54:05,891 [INFO] Recognized user AutoUser with confidence 50.63
2026-01-29 02:54:05,958 [INFO] Recognized user AutoUser with confidence 52.13
2026-01-29 02:54:06,023 [INFO] Recognized user AutoUser with confidence 51.17
2026-01-29 02:54:06,094 [INFO] Recognized user AutoUser with confidence 50.99
2026-01-29 02:54:06,158 [INFO] Recognized user AutoUser with confidence 49.46
2026-01-29 02:54:06,226 [INFO] Recognized user AutoUser with confidence 48.95
2026-01-29 02:54:06,291 [INFO] Recognized user AutoUser with confidence 49.10
2026-01-29 02:54:06,359 [INFO] Recognized user AutoUser with confidence 49.30
2026-01-29 02:54:06,423 [INFO] Recognized user AutoUser with confidence 48.84
2026-01-29 02:54:06,491 [INFO] Recognized user AutoUser with confidence 50.04
2026-01-29 02:54:06,557 [INFO] Recognized user AutoUser with confidence 47.54
2026-01-29 02:54:06,624 [INFO] Recognized user AutoUser with confidence 48.03
2026-01-29 02:54:06,691 [INFO] Recognized user AutoUser with confidence 48.35
2026-01-29 02:54:06,758 [INFO] Recognized user AutoUser with confidence 49.73
2026-01-29 02:54:06,824 [INFO] Recognized user AutoUser with confidence 47.54
2026-01-29 02:54:06,890 [INFO] Recognized user AutoUser with confidence 48.27
2026-01-29 02:54:06,956 [INFO] Recognized user AutoUser with confidence 48.74
2026-01-29 02:54:07,026 [INFO] Recognized user AutoUser with confidence 50.02
2026-01-29 02:54:07,090 [INFO] Recognized user AutoUser with confidence 50.48
2026-01-29 02:54:07,156 [INFO] Recognized user AutoUser with confidence 49.79
2026-01-29 02:54:07,221 [INFO] Recognized user AutoUser with confidence 49.97
2026-01-29 02:54:07,287 [INFO] Recognized user AutoUser with confidence 51.53
2026-01-29 02:54:07,354 [INFO] Recognized user AutoUser with confidence 50.56
2026-01-29 02:54:07,423 [INFO] Recognized user AutoUser with confidence 51.65
2026-01-29 02:54:07,492 [INFO] Recognized user AutoUser with confidence 49.89
2026-01-29 02:54:07,558 [INFO] Recognized user AutoUser with confidence 50.37
2026-01-29 02:54:07,624 [INFO] Recognized user AutoUser with confidence 52.03
2026-01-29 02:54:07,691 [INFO] Recognized user AutoUser with confidence 51.43
2026-01-29 02:54:07,756 [INFO] Recognized user AutoUser with confidence 51.60
2026-01-29 02:54:07,825 [INFO] Recognized user AutoUser with confidence 52.88
2026-01-29 02:54:07,892 [INFO] Recognized user AutoUser with confidence 51.88
2026-01-29 02:54:07,968 [INFO] MediaPipe not available; cannot run EAR blink detection
2026-01-29 02:54:08,146 [INFO] Starting simple blink prompt for spoof detection
2026-01-29 02:54:08,234 [INFO] Blink/motion detected, score=168.93
2026-01-29 02:54:08,447 [INFO] Already punched in/out today for AutoUser
2026-01-29 02:54:08,580 [INFO] Recognized user AutoUser with confidence 59.63
2026-01-29 02:54:08,639 [INFO] Recognized user AutoUser with confidence 52.05
2026-01-29 02:54:08,707 [INFO] Recognized user AutoUser with confidence 50.38
2026-01-29 02:54:08,774 [INFO] Recognized user AutoUser with confidence 50.51
2026-01-29 02:54:08,839 [INFO] Recognized user AutoUser with confidence 48.44
2026-01-29 02:54:08,905 [INFO] Recognized user AutoUser with confidence 48.65
2026-01-29 02:54:08,971 [INFO] Recognized user AutoUser with confidence 48.87
2026-01-29 02:54:09,038 [INFO] Recognized user AutoUser with confidence 48.85
2026-01-29 02:54:09,106 [INFO] Recognized user AutoUser with confidence 48.70
2026-01-29 02:54:09,172 [INFO] Recognized user AutoUser with confidence 49.24
2026-01-29 02:54:09,241 [INFO] Recognized user AutoUser with confidence 49.14
2026-01-29 02:54:09,306 [INFO] Recognized user AutoUser with confidence 48.99
2026-01-29 02:54:09,372 [INFO] Recognized user AutoUser with confidence 49.19
2026-01-29 02:54:09,440 [INFO] Recognized user AutoUser with confidence 49.70
2026-01-29 02:54:09,506 [INFO] Recognized user AutoUser with confidence 48.48
2026-01-29 02:54:09,575 [INFO] Recognized user AutoUser with confidence 48.94
2026-01-29 02:54:09,640 [INFO] Recognized user AutoUser with confidence 48.79
2026-01-29 02:54:09,706 [INFO] Recognized user AutoUser with confidence 48.95
2026-01-29 02:54:09,772 [INFO] Recognized user AutoUser with confidence 48.93
2026-01-29 02:54:09,840 [INFO] Recognized user AutoUser with confidence 48.92
2026-01-29 02:54:09,907 [INFO] Recognized user AutoUser with confidence 48.85
2026-01-29 02:54:09,974 [INFO] Recognized user AutoUser with confidence 48.98
2026-01-29 02:54:10,039 [INFO] Recognized user AutoUser with confidence 48.88
2026-01-29 02:54:10,107 [INFO] Recognized user AutoUser with confidence 49.89
2026-01-29 02:54:10,173 [INFO] Recognized user AutoUser with confidence 48.72
2026-01-29 02:54:10,240 [INFO] Recognized user AutoUser with confidence 49.02
2026-01-29 02:54:10,306 [INFO] Recognized user AutoUser with confidence 48.80
2026-01-29 02:54:10,375 [INFO] Recognized user AutoUser with confidence 49.57
2026-01-29 02:54:10,440 [INFO] Recognized user AutoUser with confidence 51.30
2026-01-29 02:54:10,505 [INFO] Recognized user AutoUser with confidence 49.58
2026-01-29 02:54:10,573 [INFO] Recognized user AutoUser with confidence 49.04
2026-01-29 02:54:10,639 [INFO] Recognized user AutoUser with confidence 49.82
2026-01-29 02:54:10,705 [INFO] Recognized user AutoUser with confidence 48.77
2026-01-29 02:54:10,773 [INFO] Recognized user AutoUser with confidence 49.23
2026-01-29 02:54:10,841 [INFO] Recognized user AutoUser with confidence 49.58
2026-01-29 02:54:10,905 [INFO] Recognized user AutoUser with confidence 51.82
2026-01-29 02:54:10,975 [INFO] Recognized user AutoUser with confidence 50.71
2026-01-29 02:54:11,039 [INFO] Recognized user AutoUser with confidence 53.41
2026-01-29 02:54:11,105 [INFO] Recognized user AutoUser with confidence 58.32
2026-01-29 02:54:11,173 [INFO] Recognized user AutoUser with confidence 52.92
2026-01-29 02:54:11,239 [INFO] Recognized user AutoUser with confidence 53.65
2026-01-29 02:54:11,307 [INFO] Recognized user AutoUser with confidence 54.93
2026-01-29 02:54:11,374 [INFO] Recognized user AutoUser with confidence 57.60
2026-01-29 02:54:11,441 [INFO] Recognized user AutoUser with confidence 59.63
2026-01-29 02:54:11,508 [INFO] Recognized user AutoUser with confidence 57.78
2026-01-29 02:54:11,576 [INFO] Recognized user AutoUser with confidence 60.35
2026-01-29 02:54:12,176 [INFO] Recognized user AutoUser with confidence 57.25
2026-01-29 02:54:12,240 [INFO] Recognized user AutoUser with confidence 56.59
2026-01-29 02:54:12,441 [INFO] Recognized user AutoUser with confidence 57.35
2026-01-29 02:54:12,506 [INFO] Recognized user AutoUser with confidence 55.60
2026-01-29 02:54:12,575 [INFO] Recognized user AutoUser with confidence 56.95
2026-01-29 02:54:12,640 [INFO] Recognized user AutoUser with confidence 55.23
2026-01-29 02:54:12,708 [INFO] Recognized user AutoUser with confidence 55.41
2026-01-29 02:54:12,773 [INFO] Recognized user AutoUser with confidence 54.51
2026-01-29 02:54:12,843 [INFO] Recognized user AutoUser with confidence 55.23
2026-01-29 02:54:12,906 [INFO] Recognized user AutoUser with confidence 55.42
2026-01-29 02:54:12,974 [INFO] Recognized user AutoUser with confidence 53.92
2026-01-29 02:54:13,039 [INFO] Recognized user AutoUser with confidence 54.59
2026-01-29 02:54:13,109 [INFO] Recognized user AutoUser with confidence 56.12
2026-01-29 02:54:13,173 [INFO] Recognized user AutoUser with confidence 56.35
2026-01-29 02:54:13,242 [INFO] Recognized user AutoUser with confidence 55.31
2026-01-29 02:54:13,308 [INFO] Recognized user AutoUser with confidence 54.93
2026-01-29 02:54:13,374 [INFO] Recognized user AutoUser with confidence 56.11
2026-01-29 02:54:13,439 [INFO] Recognized user AutoUser with confidence 56.87
2026-01-29 02:54:13,506 [INFO] Recognized user AutoUser with confidence 55.57
2026-01-29 02:54:13,574 [INFO] Recognized user AutoUser with confidence 54.04
2026-01-29 02:54:13,640 [INFO] Recognized user AutoUser with confidence 55.66
2026-01-29 02:54:13,709 [INFO] Recognized user AutoUser with confidence 53.50
2026-01-29 02:54:13,773 [INFO] Recognized user AutoUser with confidence 57.35
2026-01-29 02:54:13,841 [INFO] Recognized user AutoUser with confidence 56.59
2026-01-29 02:54:13,850 [INFO] Recognized user AutoUser with confidence 59.70
2026-01-29 02:54:13,906 [INFO] Recognized user AutoUser with confidence 58.01
2026-01-29 02:54:13,973 [INFO] Recognized user AutoUser with confidence 57.10
2026-01-29 02:54:14,108 [INFO] Recognized user AutoUser with confidence 58.85
2026-01-29 02:54:14,238 [INFO] Recognized user AutoUser with confidence 65.80
2026-01-29 02:54:14,303 [INFO] Recognized user AutoUser with confidence 63.92
2026-01-29 02:54:14,365 [INFO] Recognized user AutoUser with confidence 60.45
2026-01-29 02:54:14,435 [INFO] Recognized user AutoUser with confidence 58.31
2026-01-29 02:54:14,501 [INFO] Recognized user AutoUser with confidence 59.84
2026-01-29 02:54:14,568 [INFO] Recognized user AutoUser with confidence 60.00
2026-01-29 02:54:14,634 [INFO] Recognized user AutoUser with confidence 58.28
2026-01-29 02:54:14,772 [INFO] Recognized user AutoUser with confidence 60.54
2026-01-29 02:54:14,834 [INFO] Recognized user AutoUser with confidence 62.89
2026-01-29 02:54:14,904 [INFO] Recognized user AutoUser with confidence 66.27
2026-01-29 02:54:14,968 [INFO] Recognized user AutoUser with confidence 61.11
2026-01-29 02:54:15,034 [INFO] Recognized user AutoUser with confidence 62.36
2026-01-29 02:54:15,102 [INFO] Recognized user AutoUser with confidence 59.91
2026-01-29 02:54:15,169 [INFO] Recognized user AutoUser with confidence 61.77
2026-01-29 02:54:15,236 [INFO] Recognized user AutoUser with confidence 62.80
2026-01-29 02:54:15,302 [INFO] Recognized user AutoUser with confidence 61.49
2026-01-29 02:54:15,370 [INFO] Recognized user AutoUser with confidence 63.61
2026-01-29 02:54:15,436 [INFO] Recognized user AutoUser with confidence 62.20
2026-01-29 02:54:15,503 [INFO] Recognized user AutoUser with confidence 62.60
2026-01-29 02:54:15,568 [INFO] Recognized user AutoUser with confidence 65.46
2026-01-29 02:54:15,704 [INFO] Recognized user AutoUser with confidence 62.27
2026-01-29 02:54:15,769 [INFO] Recognized user AutoUser with confidence 62.53
2026-01-29 02:54:15,836 [INFO] Recognized user AutoUser with confidence 65.11
2026-01-29 02:54:15,899 [INFO] Recognized user AutoUser with confidence 62.91
2026-01-29 02:54:15,970 [INFO] Recognized user AutoUser with confidence 62.57
2026-01-29 02:54:16,033 [INFO] Recognized user AutoUser with confidence 61.10
2026-01-29 02:54:16,100 [INFO] Recognized user AutoUser with confidence 59.42
2026-01-29 02:54:16,168 [INFO] Recognized user AutoUser with confidence 59.01
2026-01-29 02:54:16,234 [INFO] Recognized user AutoUser with confidence 59.36
2026-01-29 02:54:16,302 [INFO] Recognized user AutoUser with confidence 58.15
2026-01-29 02:54:16,368 [INFO] Recognized user AutoUser with confidence 61.68
2026-01-29 02:54:16,433 [INFO] Recognized user AutoUser with confidence 60.48
2026-01-29 02:54:16,501 [INFO] Recognized user AutoUser with confidence 59.10
2026-01-29 02:54:16,567 [INFO] Recognized user AutoUser with confidence 58.07
2026-01-29 02:54:16,635 [INFO] Recognized user AutoUser with confidence 59.14
2026-01-29 02:54:16,700 [INFO] Recognized user AutoUser with confidence 60.39
2026-01-29 02:54:16,769 [INFO] Recognized user AutoUser with confidence 59.33
2026-01-29 02:54:16,902 [INFO] Recognized user AutoUser with confidence 61.17
2026-01-29 02:54:16,969 [INFO] Recognized user AutoUser with confidence 62.28
2026-01-29 02:54:17,036 [INFO] Recognized user AutoUser with confidence 61.20
2026-01-29 02:54:17,101 [INFO] Recognized user AutoUser with confidence 61.97
2026-01-29 02:54:17,168 [INFO] Recognized user AutoUser with confidence 62.42
2026-01-29 02:54:17,235 [INFO] Recognized user AutoUser with confidence 60.81
2026-01-29 02:54:17,303 [INFO] Recognized user AutoUser with confidence 60.40
2026-01-29 02:54:17,367 [INFO] Recognized user AutoUser with confidence 61.19
2026-01-29 02:54:17,436 [INFO] Recognized user AutoUser with confidence 61.18
2026-01-29 02:54:17,501 [INFO] Recognized user AutoUser with confidence 64.13
2026-01-29 02:54:17,569 [INFO] Recognized user AutoUser with confidence 64.14
2026-01-29 02:54:17,634 [INFO] Recognized user AutoUser with confidence 65.65
2026-01-29 02:54:17,702 [INFO] Recognized user AutoUser with confidence 64.03
2026-01-29 02:54:17,766 [INFO] Recognized user AutoUser with confidence 66.30
2026-01-29 02:54:17,835 [INFO] Recognized user AutoUser with confidence 62.69
2026-01-29 02:54:17,900 [INFO] Recognized user AutoUser with confidence 62.59
2026-01-29 02:54:17,982 [INFO] MediaPipe not available; cannot run EAR blink detection
2026-01-29 02:54:18,159 [INFO] Starting simple blink prompt for spoof detection
2026-01-29 02:54:18,249 [INFO] Blink/motion detected, score=136.14
2026-01-29 02:54:18,461 [INFO] Already punched in/out today for AutoUser
2026-01-29 02:54:18,720 [INFO] Recognized user AutoUser with confidence 66.80
2026-01-29 02:54:18,783 [INFO] Recognized user AutoUser with confidence 58.74
2026-01-29 02:54:18,848 [INFO] Recognized user AutoUser with confidence 57.04
2026-01-29 02:54:18,915 [INFO] Recognized user AutoUser with confidence 58.15
2026-01-29 02:54:18,982 [INFO] Recognized user AutoUser with confidence 58.74
2026-01-29 02:54:19,048 [INFO] Recognized user AutoUser with confidence 59.64
2026-01-29 02:54:19,117 [INFO] Recognized user AutoUser with confidence 61.30
2026-01-29 02:54:19,183 [INFO] Recognized user AutoUser with confidence 61.65
2026-01-29 02:54:19,251 [INFO] Recognized user AutoUser with confidence 62.92
2026-01-29 02:54:19,317 [INFO] Recognized user AutoUser with confidence 62.54
2026-01-29 02:54:19,383 [INFO] Recognized user AutoUser with confidence 62.41
2026-01-29 02:54:19,453 [INFO] Recognized user AutoUser with confidence 60.73
2026-01-29 02:54:19,518 [INFO] Recognized user AutoUser with confidence 59.96
2026-01-29 02:54:19,587 [INFO] Recognized user AutoUser with confidence 61.74
2026-01-29 02:54:19,653 [INFO] Recognized user AutoUser with confidence 60.99
2026-01-29 02:54:19,720 [INFO] Recognized user AutoUser with confidence 60.75
2026-01-29 02:54:19,785 [INFO] Recognized user AutoUser with confidence 62.81
2026-01-29 02:54:19,853 [INFO] Recognized user AutoUser with confidence 62.25
2026-01-29 02:54:19,918 [INFO] Recognized user AutoUser with confidence 61.09
2026-01-29 02:54:20,054 [INFO] Recognized user AutoUser with confidence 60.82
2026-01-29 02:54:20,118 [INFO] Recognized user AutoUser with confidence 62.55
2026-01-29 02:54:20,185 [INFO] Recognized user AutoUser with confidence 60.15
2026-01-29 02:54:20,252 [INFO] Recognized user AutoUser with confidence 61.83
2026-01-29 02:54:20,321 [INFO] Recognized user AutoUser with confidence 59.91
2026-01-29 02:54:20,384 [INFO] Recognized user AutoUser with confidence 59.24
2026-01-29 02:54:20,454 [INFO] Recognized user AutoUser with confidence 60.60
2026-01-29 02:54:20,518 [INFO] Recognized user AutoUser with confidence 60.92
2026-01-29 02:54:20,587 [INFO] Recognized user AutoUser with confidence 60.49
2026-01-29 02:54:20,651 [INFO] Recognized user AutoUser with confidence 60.13
2026-01-29 02:54:20,719 [INFO] Recognized user AutoUser with confidence 61.52
2026-01-29 02:54:20,784 [INFO] Recognized user AutoUser with confidence 60.37
2026-01-29 02:54:20,852 [INFO] Recognized user AutoUser with confidence 60.94
2026-01-29 02:54:20,918 [INFO] Recognized user AutoUser with confidence 60.28
2026-01-29 02:54:20,985 [INFO] Recognized user AutoUser with confidence 60.00
2026-01-29 02:54:21,186 [INFO] Recognized user AutoUser with confidence 63.16
2026-01-29 02:54:21,253 [INFO] Recognized user AutoUser with confidence 62.84
2026-01-29 02:54:21,318 [INFO] Recognized user AutoUser with confidence 63.31
2026-01-29 02:54:21,384 [INFO] Recognized user AutoUser with confidence 62.49
2026-01-29 02:54:21,452 [INFO] Recognized user AutoUser with confidence 62.21
2026-01-29 02:54:21,518 [INFO] Recognized user AutoUser with confidence 61.48
2026-01-29 02:54:21,584 [INFO] Recognized user AutoUser with confidence 62.55
2026-01-29 02:54:21,650 [INFO] Recognized user AutoUser with confidence 63.91
2026-01-29 02:54:21,718 [INFO] Recognized user AutoUser with confidence 61.42
2026-01-29 02:54:21,785 [INFO] Recognized user AutoUser with confidence 64.03
2026-01-29 02:54:21,852 [INFO] Recognized user AutoUser with confidence 63.45
2026-01-29 02:54:21,918 [INFO] Recognized user AutoUser with confidence 63.07
2026-01-29 02:54:21,985 [INFO] Recognized user AutoUser with confidence 62.29
2026-01-29 02:54:22,051 [INFO] Recognized user AutoUser with confidence 60.85
2026-01-29 02:54:22,119 [INFO] Recognized user AutoUser with confidence 61.03
2026-01-29 02:54:22,184 [INFO] Recognized user AutoUser with confidence 62.11
2026-01-29 02:54:22,254 [INFO] Recognized user AutoUser with confidence 62.64
2026-01-29 02:54:22,318 [INFO] Recognized user AutoUser with confidence 62.93
2026-01-29 02:54:22,385 [INFO] Recognized user AutoUser with confidence 63.35
2026-01-29 02:54:22,454 [INFO] Recognized user AutoUser with confidence 63.46
2026-01-29 02:54:22,520 [INFO] Recognized user AutoUser with confidence 63.57
2026-01-29 02:54:22,586 [INFO] Recognized user AutoUser with confidence 64.63
2026-01-29 02:54:22,650 [INFO] Recognized user AutoUser with confidence 61.51
2026-01-29 02:54:22,718 [INFO] Recognized user AutoUser with confidence 64.14
2026-01-29 02:54:22,783 [INFO] Recognized user AutoUser with confidence 62.57
2026-01-29 02:54:22,853 [INFO] Recognized user AutoUser with confidence 64.99
2026-01-29 02:54:22,918 [INFO] Recognized user AutoUser with confidence 61.26
2026-01-29 02:54:22,986 [INFO] Recognized user AutoUser with confidence 63.90
2026-01-29 02:54:23,052 [INFO] Recognized user AutoUser with confidence 62.64
2026-01-29 02:54:23,117 [INFO] Recognized user AutoUser with confidence 63.76
2026-01-29 02:54:23,186 [INFO] Recognized user AutoUser with confidence 67.06
2026-01-29 02:54:23,318 [INFO] Recognized user AutoUser with confidence 65.14
2026-01-29 02:54:23,384 [INFO] Recognized user AutoUser with confidence 65.02
2026-01-29 02:54:24,447 [INFO] Recognized user AutoUser with confidence 60.32
2026-01-29 02:54:24,517 [INFO] Recognized user AutoUser with confidence 58.93
2026-01-29 02:54:24,585 [INFO] Recognized user AutoUser with confidence 62.00
2026-01-29 02:54:24,650 [INFO] Recognized user AutoUser with confidence 66.91
2026-01-29 02:54:29,515 [INFO] Recognized user AutoUser with confidence 68.35
2026-01-29 02:54:29,591 [INFO] MediaPipe not available; cannot run EAR blink detection
2026-01-29 02:54:29,767 [INFO] Starting simple blink prompt for spoof detection
2026-01-29 02:54:29,857 [INFO] Blink/motion detected, score=139.21
2026-01-29 02:54:30,074 [INFO] Already punched in/out today for AutoUser
2026-01-29 02:54:30,492 [INFO] Recognized user AutoUser with confidence 61.14
2026-01-29 02:54:30,561 [INFO] Recognized user AutoUser with confidence 59.41
2026-01-29 02:54:30,626 [INFO] Recognized user AutoUser with confidence 61.91
2026-01-29 02:54:30,695 [INFO] Recognized user AutoUser with confidence 60.53
2026-01-29 02:54:30,860 [INFO] Recognized user AutoUser with confidence 62.79
2026-01-29 02:54:30,931 [INFO] Recognized user AutoUser with confidence 63.57
2026-01-29 02:54:31,029 [INFO] Recognized user AutoUser with confidence 62.04
2026-01-29 02:54:31,167 [INFO] Recognized user AutoUser with confidence 60.68
2026-01-29 02:54:31,230 [INFO] Recognized user AutoUser with confidence 63.83
2026-01-29 02:54:31,299 [INFO] Recognized user AutoUser with confidence 61.42
2026-01-29 02:54:31,363 [INFO] Recognized user AutoUser with confidence 62.51
2026-01-29 02:54:31,431 [INFO] Recognized user AutoUser with confidence 61.28
2026-01-29 02:54:33,299 [INFO] Recognized user AutoUser with confidence 62.51
2026-01-29 02:54:33,499 [INFO] Recognized user AutoUser with confidence 65.88
2026-01-29 02:54:33,564 [INFO] Recognized user AutoUser with confidence 65.88
2026-01-29 02:54:33,630 [INFO] Recognized user AutoUser with confidence 65.54
2026-01-29 02:54:33,696 [INFO] Recognized user AutoUser with confidence 64.16
2026-01-29 02:54:33,764 [INFO] Recognized user AutoUser with confidence 66.60
2026-01-29 02:54:33,830 [INFO] Recognized user AutoUser with confidence 64.30
2026-01-29 02:54:33,965 [INFO] Recognized user AutoUser with confidence 67.57
2026-01-29 02:54:34,293 [INFO] Recognized user nitish with confidence 60.32
2026-01-29 02:54:34,379 [INFO] MediaPipe not available; cannot run EAR blink detection
2026-01-29 02:54:34,552 [INFO] Starting simple blink prompt for spoof detection
2026-01-29 02:54:34,643 [INFO] Blink/motion detected, score=139.77
2026-01-29 02:54:34,857 [INFO] Already punched in/out today for nitish
2026-01-29 02:54:35,476 [INFO] Recognized user AutoUser with confidence 61.91
2026-01-29 02:54:35,545 [INFO] Recognized user AutoUser with confidence 61.24
2026-01-29 02:54:35,612 [INFO] Recognized user AutoUser with confidence 61.94
2026-01-29 02:54:37,715 [INFO] Recognized user nitish with confidence 60.03
2026-01-29 02:54:37,981 [INFO] Recognized user nitish with confidence 61.37
2026-01-29 02:54:38,045 [INFO] Recognized user nitish with confidence 60.16
2026-01-29 02:54:38,113 [INFO] Recognized user nitish with confidence 59.24
2026-01-29 02:54:38,847 [INFO] Recognized user nitish with confidence 62.76
2026-01-29 02:54:39,613 [INFO] Recognized user AutoUser with confidence 68.98
2026-01-29 02:54:39,694 [INFO] MediaPipe not available; cannot run EAR blink detection
2026-01-29 02:54:39,873 [INFO] Starting simple blink prompt for spoof detection
2026-01-29 02:54:39,961 [INFO] Blink/motion detected, score=137.59
2026-01-29 02:54:41,539 [INFO] Already punched in/out today for AutoUser
2026-01-29 02:54:41,850 [INFO] Recognized user AutoUser with confidence 61.86
2026-01-29 02:54:41,916 [INFO] Recognized user AutoUser with confidence 61.30
2026-01-29 02:54:41,983 [INFO] Recognized user AutoUser with confidence 62.87
2026-01-29 02:54:42,050 [INFO] Recognized user AutoUser with confidence 62.22
2026-01-29 02:54:42,117 [INFO] Recognized user AutoUser with confidence 61.80
2026-01-29 02:54:42,184 [INFO] Recognized user AutoUser with confidence 63.88
2026-01-29 02:54:42,251 [INFO] Recognized user AutoUser with confidence 63.79
2026-01-29 02:54:42,318 [INFO] Recognized user AutoUser with confidence 63.40
2026-01-29 02:54:42,385 [INFO] Recognized user AutoUser with confidence 61.02
2026-01-29 02:54:42,452 [INFO] Recognized user AutoUser with confidence 59.37
2026-01-29 02:54:42,519 [INFO] Recognized user AutoUser with confidence 61.15
2026-01-29 02:54:42,587 [INFO] Recognized user AutoUser with confidence 60.24
2026-01-29 02:54:42,653 [INFO] Recognized user AutoUser with confidence 58.96
2026-01-29 02:54:42,720 [INFO] Recognized user AutoUser with confidence 60.77
2026-01-29 02:54:42,785 [INFO] Recognized user AutoUser with confidence 63.12
2026-01-29 02:54:42,854 [INFO] Recognized user AutoUser with confidence 63.53
2026-01-29 02:54:42,921 [INFO] Recognized user AutoUser with confidence 60.67
2026-01-29 02:54:42,986 [INFO] Recognized user AutoUser with confidence 60.34
2026-01-29 02:54:43,052 [INFO] Recognized user AutoUser with confidence 61.11
2026-01-29 02:54:43,119 [INFO] Recognized user AutoUser with confidence 60.97
2026-01-29 02:54:43,187 [INFO] Recognized user AutoUser with confidence 61.45
2026-01-29 02:54:43,252 [INFO] Recognized user AutoUser with confidence 60.30
2026-01-29 02:54:43,319 [INFO] Recognized user AutoUser with confidence 62.41
2026-01-29 02:54:43,387 [INFO] Recognized user AutoUser with confidence 62.12
2026-01-29 02:54:43,452 [INFO] Recognized user AutoUser with confidence 60.67
2026-01-29 02:54:43,522 [INFO] Recognized user AutoUser with confidence 59.10
2026-01-29 02:54:43,586 [INFO] Recognized user AutoUser with confidence 60.01
2026-01-29 02:54:43,720 [INFO] Recognized user AutoUser with confidence 59.67
2026-01-29 02:54:43,788 [INFO] Recognized user AutoUser with confidence 59.06
2026-01-29 02:54:43,852 [INFO] Recognized user AutoUser with confidence 59.53
2026-01-29 02:54:43,920 [INFO] Recognized user AutoUser with confidence 61.08
2026-01-29 02:54:43,986 [INFO] Recognized user AutoUser with confidence 59.46
2026-01-29 02:54:44,051 [INFO] Recognized user AutoUser with confidence 58.93
2026-01-29 02:54:44,120 [INFO] Recognized user AutoUser with confidence 57.63
2026-01-29 02:54:44,187 [INFO] Recognized user AutoUser with confidence 59.02
2026-01-29 02:54:44,253 [INFO] Recognized user AutoUser with confidence 59.58
2026-01-29 02:54:44,322 [INFO] Recognized user AutoUser with confidence 59.83
2026-01-29 02:54:44,383 [INFO] Recognized user AutoUser with confidence 59.61
2026-01-29 02:54:44,453 [INFO] Recognized user AutoUser with confidence 59.61
2026-01-29 02:54:44,519 [INFO] Recognized user AutoUser with confidence 59.05
2026-01-29 02:54:44,587 [INFO] Recognized user AutoUser with confidence 59.08
2026-01-29 02:54:44,652 [INFO] Recognized user AutoUser with confidence 58.31
2026-01-29 02:54:44,720 [INFO] Recognized user AutoUser with confidence 58.35
2026-01-29 02:54:44,785 [INFO] Recognized user AutoUser with confidence 59.80
2026-01-29 02:54:44,851 [INFO] Recognized user AutoUser with confidence 58.78
2026-01-29 02:54:44,918 [INFO] Recognized user AutoUser with confidence 59.11
2026-01-29 02:54:44,986 [INFO] Recognized user AutoUser with confidence 59.12
2026-01-29 02:54:45,053 [INFO] Recognized user AutoUser with confidence 59.86
2026-01-29 02:54:45,119 [INFO] Recognized user AutoUser with confidence 60.31
2026-01-29 02:54:45,185 [INFO] Recognized user AutoUser with confidence 59.74
2026-01-29 02:54:45,256 [INFO] Recognized user AutoUser with confidence 59.55
2026-01-29 02:54:45,319 [INFO] Recognized user AutoUser with confidence 60.14
2026-01-29 02:54:45,387 [INFO] Recognized user AutoUser with confidence 58.99
2026-01-29 02:54:45,453 [INFO] Recognized user AutoUser with confidence 58.01
2026-01-29 02:54:45,518 [INFO] Recognized user AutoUser with confidence 59.27
2026-01-29 02:54:45,585 [INFO] Recognized user AutoUser with confidence 59.15
2026-01-29 02:54:45,655 [INFO] Recognized user AutoUser with confidence 59.67
2026-01-29 02:54:45,719 [INFO] Recognized user AutoUser with confidence 61.24
2026-01-29 02:54:45,785 [INFO] Recognized user AutoUser with confidence 61.59
2026-01-29 02:54:45,854 [INFO] Recognized user AutoUser with confidence 59.31
2026-01-29 02:54:45,920 [INFO] Recognized user AutoUser with confidence 60.10
2026-01-29 02:54:45,987 [INFO] Recognized user AutoUser with confidence 59.94
2026-01-29 02:54:46,051 [INFO] Recognized user AutoUser with confidence 61.15
2026-01-29 02:54:46,118 [INFO] Recognized user AutoUser with confidence 63.14
2026-01-29 02:54:46,187 [INFO] Recognized user AutoUser with confidence 63.23
2026-01-29 02:54:46,250 [INFO] Recognized user AutoUser with confidence 63.83
2026-01-29 02:54:47,248 [INFO] Recognized user AutoUser with confidence 61.80
2026-01-29 02:54:47,317 [INFO] Recognized user AutoUser with confidence 60.12
2026-01-29 02:54:47,385 [INFO] Recognized user AutoUser with confidence 60.26
2026-01-29 02:54:47,451 [INFO] Recognized user AutoUser with confidence 62.32
2026-01-29 02:54:47,519 [INFO] Recognized user AutoUser with confidence 63.49
2026-01-29 02:54:47,585 [INFO] Recognized user AutoUser with confidence 62.70
2026-01-29 02:54:47,652 [INFO] Recognized user AutoUser with confidence 63.13
2026-01-29 02:54:47,718 [INFO] Recognized user AutoUser with confidence 63.45
2026-01-29 02:54:47,786 [INFO] Recognized user AutoUser with confidence 61.60
2026-01-29 02:54:47,854 [INFO] Recognized user AutoUser with confidence 61.32
2026-01-29 02:54:47,917 [INFO] Recognized user AutoUser with confidence 61.82
2026-01-29 02:54:47,987 [INFO] Recognized user AutoUser with confidence 63.44
2026-01-29 02:54:48,052 [INFO] Recognized user AutoUser with confidence 63.79
2026-01-29 02:54:48,118 [INFO] Recognized user AutoUser with confidence 63.24
2026-01-29 02:54:48,187 [INFO] Recognized user AutoUser with confidence 63.75
2026-01-29 02:54:48,250 [INFO] Recognized user AutoUser with confidence 65.54
2026-01-29 02:54:48,320 [INFO] Recognized user AutoUser with confidence 64.58
2026-01-29 02:54:48,383 [INFO] Recognized user AutoUser with confidence 63.49
2026-01-29 02:54:48,453 [INFO] Recognized user AutoUser with confidence 64.35
2026-01-29 02:54:48,517 [INFO] Recognized user AutoUser with confidence 65.30
2026-01-29 02:54:48,586 [INFO] Recognized user AutoUser with confidence 65.50
2026-01-29 02:54:48,651 [INFO] Recognized user AutoUser with confidence 65.75
2026-01-29 02:54:48,718 [INFO] Recognized user AutoUser with confidence 65.27
2026-01-29 02:54:48,784 [INFO] Recognized user AutoUser with confidence 65.45
2026-01-29 02:54:48,852 [INFO] Recognized user AutoUser with confidence 64.67
2026-01-29 02:54:48,917 [INFO] Recognized user AutoUser with confidence 65.10
2026-01-29 02:54:48,984 [INFO] Recognized user AutoUser with confidence 62.91
2026-01-29 02:54:49,052 [INFO] Recognized user AutoUser with confidence 63.62
2026-01-29 02:54:49,116 [INFO] Recognized user AutoUser with confidence 62.81
2026-01-29 02:54:49,186 [INFO] Recognized user AutoUser with confidence 60.35
2026-01-29 02:54:49,251 [INFO] Recognized user AutoUser with confidence 58.31
2026-01-29 02:54:49,319 [INFO] Recognized user AutoUser with confidence 58.30
2026-01-29 02:54:49,384 [INFO] Recognized user AutoUser with confidence 59.71
2026-01-29 02:54:49,452 [INFO] Recognized user AutoUser with confidence 58.05
2026-01-29 02:54:49,517 [INFO] Recognized user AutoUser with confidence 58.01
2026-01-29 02:54:49,585 [INFO] Recognized user AutoUser with confidence 58.82
2026-01-29 02:54:49,653 [INFO] Recognized user AutoUser with confidence 60.13
2026-01-29 02:54:49,732 [INFO] MediaPipe not available; cannot run EAR blink detection
2026-01-29 02:54:49,909 [INFO] Starting simple blink prompt for spoof detection
2026-01-29 02:54:49,998 [INFO] Blink/motion detected, score=137.08
2026-01-29 02:54:50,209 [INFO] Already punched in/out today for AutoUser
2026-01-29 02:54:50,468 [INFO] Recognized user AutoUser with confidence 67.53
2026-01-29 02:54:50,529 [INFO] Recognized user AutoUser with confidence 60.13
2026-01-29 02:54:50,596 [INFO] Recognized user AutoUser with confidence 57.77
2026-01-29 02:54:50,663 [INFO] Recognized user AutoUser with confidence 57.82
2026-01-29 02:54:50,729 [INFO] Recognized user AutoUser with confidence 59.22
2026-01-29 02:54:50,797 [INFO] Recognized user AutoUser with confidence 61.05
2026-01-29 02:54:50,865 [INFO] Recognized user AutoUser with confidence 63.15
2026-01-29 02:54:50,932 [INFO] Recognized user AutoUser with confidence 65.52
2026-01-29 02:54:50,999 [INFO] Recognized user AutoUser with confidence 65.10
2026-01-29 02:54:51,068 [INFO] Recognized user AutoUser with confidence 61.71
2026-01-29 02:54:51,128 [INFO] Recognized user AutoUser with confidence 62.19
2026-01-29 02:54:51,201 [INFO] Recognized user AutoUser with confidence 58.76
2026-01-29 02:54:51,264 [INFO] Recognized user AutoUser with confidence 64.26
2026-01-29 02:54:51,334 [INFO] Recognized user AutoUser with confidence 65.94
2026-01-29 02:54:51,399 [INFO] Recognized user AutoUser with confidence 65.61
2026-01-29 02:54:51,466 [INFO] Recognized user AutoUser with confidence 65.53
2026-01-29 02:54:51,533 [INFO] Recognized user AutoUser with confidence 65.65
2026-01-29 02:54:51,600 [INFO] Recognized user AutoUser with confidence 65.14
2026-01-29 02:54:51,665 [INFO] Recognized user AutoUser with confidence 65.22
2026-01-29 02:54:51,732 [INFO] Recognized user AutoUser with confidence 65.37
2026-01-29 02:54:51,799 [INFO] Recognized user AutoUser with confidence 66.02
2026-01-29 02:54:51,866 [INFO] Recognized user AutoUser with confidence 66.01
2026-01-29 02:54:51,933 [INFO] Recognized user AutoUser with confidence 66.29
2026-01-29 02:54:52,000 [INFO] Recognized user AutoUser with confidence 64.76
2026-01-29 02:54:52,067 [INFO] Recognized user AutoUser with confidence 62.70
2026-01-29 02:54:52,132 [INFO] Recognized user AutoUser with confidence 62.75
2026-01-29 02:54:52,200 [INFO] Recognized user AutoUser with confidence 64.17
2026-01-29 02:54:52,266 [INFO] Recognized user AutoUser with confidence 64.63
2026-01-29 02:54:52,334 [INFO] Recognized user AutoUser with confidence 64.96
2026-01-29 02:54:53,000 [INFO] Recognized user AutoUser with confidence 62.93
2026-01-29 02:54:53,067 [INFO] Recognized user AutoUser with confidence 59.93
2026-01-29 02:54:53,132 [INFO] Recognized user AutoUser with confidence 61.78
2026-01-29 02:54:53,199 [INFO] Recognized user AutoUser with confidence 60.32
2026-01-29 02:54:53,266 [INFO] Recognized user AutoUser with confidence 61.72
2026-01-29 02:54:53,332 [INFO] Recognized user AutoUser with confidence 63.58
2026-01-29 02:54:53,400 [INFO] Recognized user AutoUser with confidence 63.46
2026-01-29 02:54:53,465 [INFO] Recognized user AutoUser with confidence 61.95
2026-01-29 02:54:53,533 [INFO] Recognized user AutoUser with confidence 62.01
2026-01-29 02:54:53,598 [INFO] Recognized user AutoUser with confidence 62.63
2026-01-29 02:54:53,666 [INFO] Recognized user AutoUser with confidence 63.55
2026-01-29 02:54:53,733 [INFO] Recognized user AutoUser with confidence 62.84
2026-01-29 02:54:53,799 [INFO] Recognized user AutoUser with confidence 62.58
2026-01-29 02:54:53,866 [INFO] Recognized user AutoUser with confidence 61.30
2026-01-29 02:54:53,933 [INFO] Recognized user AutoUser with confidence 63.77
2026-01-29 02:54:53,997 [INFO] Recognized user AutoUser with confidence 60.91
2026-01-29 02:54:54,064 [INFO] Recognized user AutoUser with confidence 61.25
2026-01-29 02:54:54,131 [INFO] Recognized user AutoUser with confidence 58.24
2026-01-29 02:54:54,199 [INFO] Recognized user AutoUser with confidence 60.27
2026-01-29 02:54:54,264 [INFO] Recognized user AutoUser with confidence 62.08
2026-01-29 02:54:54,332 [INFO] Recognized user AutoUser with confidence 59.28
2026-01-29 02:54:54,398 [INFO] Recognized user AutoUser with confidence 59.78
2026-01-29 02:54:54,465 [INFO] Recognized user AutoUser with confidence 60.90
2026-01-29 02:54:54,532 [INFO] Recognized user AutoUser with confidence 63.10
2026-01-29 02:54:54,597 [INFO] Recognized user AutoUser with confidence 64.24
2026-01-29 02:54:54,665 [INFO] Recognized user AutoUser with confidence 62.95
2026-01-29 02:54:54,732 [INFO] Recognized user AutoUser with confidence 62.10
2026-01-29 02:54:54,799 [INFO] Recognized user AutoUser with confidence 63.10
2026-01-29 02:54:54,864 [INFO] Recognized user AutoUser with confidence 61.30
2026-01-29 02:54:54,931 [INFO] Recognized user AutoUser with confidence 61.92
2026-01-29 02:54:54,997 [INFO] Recognized user AutoUser with confidence 61.20
2026-01-29 02:54:55,064 [INFO] Recognized user AutoUser with confidence 60.01
2026-01-29 02:54:55,131 [INFO] Recognized user AutoUser with confidence 61.63
2026-01-29 02:54:55,197 [INFO] Recognized user AutoUser with confidence 63.66
2026-01-29 02:54:55,266 [INFO] Recognized user AutoUser with confidence 59.83
2026-01-29 02:54:55,330 [INFO] Recognized user AutoUser with confidence 58.77
2026-01-29 02:54:55,398 [INFO] Recognized user AutoUser with confidence 58.56
2026-01-29 02:54:55,464 [INFO] Recognized user AutoUser with confidence 58.44
2026-01-29 02:54:55,532 [INFO] Recognized user AutoUser with confidence 58.16
2026-01-29 02:54:55,598 [INFO] Recognized user AutoUser with confidence 58.05
2026-01-29 02:54:55,663 [INFO] Recognized user AutoUser with confidence 58.80
2026-01-29 02:54:55,731 [INFO] Recognized user AutoUser with confidence 57.15
2026-01-29 02:54:55,796 [INFO] Recognized user AutoUser with confidence 57.17
2026-01-29 02:54:55,863 [INFO] Recognized user AutoUser with confidence 55.77
2026-01-29 02:54:55,929 [INFO] Recognized user AutoUser with confidence 56.58
2026-01-29 02:54:55,996 [INFO] Recognized user AutoUser with confidence 57.16
2026-01-29 02:54:56,064 [INFO] Recognized user AutoUser with confidence 55.18
2026-01-29 02:54:56,130 [INFO] Recognized user AutoUser with confidence 55.77
2026-01-29 02:54:56,197 [INFO] Recognized user AutoUser with confidence 56.00
2026-01-29 02:54:56,262 [INFO] Recognized user AutoUser with confidence 55.41
2026-01-29 02:54:56,328 [INFO] Recognized user AutoUser with confidence 55.70
2026-01-29 02:54:56,398 [INFO] Recognized user AutoUser with confidence 54.82
2026-01-29 02:54:56,463 [INFO] Recognized user AutoUser with confidence 54.75
2026-01-29 02:54:56,531 [INFO] Recognized user AutoUser with confidence 55.36
2026-01-29 02:54:56,595 [INFO] Recognized user AutoUser with confidence 53.37
2026-01-29 02:54:56,663 [INFO] Recognized user AutoUser with confidence 53.34
2026-01-29 02:54:56,728 [INFO] Recognized user AutoUser with confidence 53.85
2026-01-29 02:54:56,796 [INFO] Recognized user AutoUser with confidence 53.37
2026-01-29 02:54:56,861 [INFO] Recognized user AutoUser with confidence 52.62
2026-01-29 02:54:56,930 [INFO] Recognized user AutoUser with confidence 53.08
2026-01-29 02:54:56,995 [INFO] Recognized user AutoUser with confidence 51.75
2026-01-29 02:54:57,063 [INFO] Recognized user AutoUser with confidence 52.47
2026-01-29 02:54:57,129 [INFO] Recognized user AutoUser with confidence 51.86
2026-01-29 02:54:57,196 [INFO] Recognized user AutoUser with confidence 51.81
2026-01-29 02:54:57,261 [INFO] Recognized user AutoUser with confidence 51.50
2026-01-29 02:54:57,330 [INFO] Recognized user AutoUser with confidence 52.15
2026-01-29 02:54:57,395 [INFO] Recognized user AutoUser with confidence 51.56
2026-01-29 02:54:57,464 [INFO] Recognized user AutoUser with confidence 51.44
2026-01-29 02:54:57,528 [INFO] Recognized user AutoUser with confidence 51.82
2026-01-29 02:54:57,597 [INFO] Recognized user AutoUser with confidence 52.17
2026-01-29 02:54:57,661 [INFO] Recognized user AutoUser with confidence 52.01
2026-01-29 02:54:57,729 [INFO] Recognized user AutoUser with confidence 50.44
2026-01-29 02:54:57,795 [INFO] Recognized user AutoUser with confidence 51.00
2026-01-29 02:54:57,862 [INFO] Recognized user AutoUser with confidence 51.63
2026-01-29 02:54:57,929 [INFO] Recognized user AutoUser with confidence 50.51
2026-01-29 02:54:57,996 [INFO] Recognized user AutoUser with confidence 51.39
2026-01-29 02:54:58,062 [INFO] Recognized user AutoUser with confidence 51.79
2026-01-29 02:54:58,129 [INFO] Recognized user AutoUser with confidence 52.19
2026-01-29 02:54:58,194 [INFO] Recognized user AutoUser with confidence 51.69
2026-01-29 02:54:58,260 [INFO] Recognized user AutoUser with confidence 51.19
2026-01-29 02:54:58,327 [INFO] Recognized user AutoUser with confidence 50.54
2026-01-29 02:54:58,395 [INFO] Recognized user AutoUser with confidence 51.01
2026-01-29 02:54:58,461 [INFO] Recognized user AutoUser with confidence 50.25
2026-01-29 02:54:58,527 [INFO] Recognized user AutoUser with confidence 49.95
2026-01-29 02:54:58,593 [INFO] Recognized user AutoUser with confidence 52.18
2026-01-29 02:54:58,661 [INFO] Recognized user AutoUser with confidence 49.89
2026-01-29 02:54:58,727 [INFO] Recognized user AutoUser with confidence 50.35
2026-01-29 02:54:58,793 [INFO] Recognized user AutoUser with confidence 49.71
2026-01-29 02:54:58,861 [INFO] Recognized user AutoUser with confidence 52.53
2026-01-29 02:54:58,927 [INFO] Recognized user AutoUser with confidence 51.11
2026-01-29 02:54:58,996 [INFO] Recognized user AutoUser with confidence 50.89
2026-01-29 02:54:59,060 [INFO] Recognized user AutoUser with confidence 49.11
2026-01-29 02:54:59,128 [INFO] Recognized user AutoUser with confidence 51.36
2026-01-29 02:54:59,194 [INFO] Recognized user AutoUser with confidence 54.33
2026-01-29 02:54:59,260 [INFO] Recognized user AutoUser with confidence 55.05
2026-01-29 02:54:59,327 [INFO] Recognized user AutoUser with confidence 56.99
2026-01-29 02:54:59,395 [INFO] Recognized user AutoUser with confidence 55.74
2026-01-29 02:54:59,461 [INFO] Recognized user AutoUser with confidence 58.59
2026-01-29 02:54:59,528 [INFO] Recognized user AutoUser with confidence 56.88
2026-01-29 02:54:59,595 [INFO] Recognized user AutoUser with confidence 60.09
2026-01-29 02:54:59,662 [INFO] Recognized user AutoUser with confidence 59.83
2026-01-29 02:54:59,744 [INFO] MediaPipe not available; cannot run EAR blink detection
2026-01-29 02:54:59,919 [INFO] Starting simple blink prompt for spoof detection
2026-01-29 02:55:00,007 [INFO] Blink/motion detected, score=138.57
2026-01-29 02:55:00,223 [INFO] Already punched in/out today for AutoUser
2026-01-29 02:55:00,415 [INFO] Recognized user AutoUser with confidence 66.36
2026-01-29 02:55:00,480 [INFO] Recognized user AutoUser with confidence 63.77
2026-01-29 02:55:00,543 [INFO] Recognized user AutoUser with confidence 56.62
2026-01-29 02:55:00,609 [INFO] Recognized user AutoUser with confidence 55.40
2026-01-29 02:55:00,675 [INFO] Recognized user AutoUser with confidence 58.06
2026-01-29 02:55:00,742 [INFO] Recognized user AutoUser with confidence 55.41
2026-01-29 02:55:00,808 [INFO] Recognized user AutoUser with confidence 57.26
2026-01-29 02:55:00,879 [INFO] Recognized user AutoUser with confidence 57.43
2026-01-29 02:55:00,943 [INFO] Recognized user AutoUser with confidence 56.15
2026-01-29 02:55:01,010 [INFO] Recognized user AutoUser with confidence 58.81
2026-01-29 02:55:01,078 [INFO] Recognized user AutoUser with confidence 57.18
2026-01-29 02:55:01,141 [INFO] Recognized user AutoUser with confidence 58.04
2026-01-29 02:55:01,210 [INFO] Recognized user AutoUser with confidence 58.40
2026-01-29 02:55:01,280 [INFO] Recognized user AutoUser with confidence 56.98
2026-01-29 02:55:01,345 [INFO] Recognized user AutoUser with confidence 58.67
2026-01-29 02:55:01,413 [INFO] Recognized user AutoUser with confidence 57.79
2026-01-29 02:55:01,478 [INFO] Recognized user AutoUser with confidence 57.90
2026-01-29 02:55:01,546 [INFO] Recognized user AutoUser with confidence 57.10
2026-01-29 02:55:01,611 [INFO] Recognized user AutoUser with confidence 60.04
2026-01-29 02:55:01,679 [INFO] Recognized user AutoUser with confidence 59.10
2026-01-29 02:55:01,746 [INFO] Recognized user AutoUser with confidence 56.72
2026-01-29 02:55:01,813 [INFO] Recognized user AutoUser with confidence 56.06
2026-01-29 02:55:01,878 [INFO] Recognized user AutoUser with confidence 55.92
2026-01-29 02:55:01,946 [INFO] Recognized user AutoUser with confidence 57.93
2026-01-29 02:55:02,011 [INFO] Recognized user AutoUser with confidence 57.95
2026-01-29 02:55:02,079 [INFO] Recognized user AutoUser with confidence 62.03
2026-01-29 02:55:02,144 [INFO] Recognized user AutoUser with confidence 59.18
2026-01-29 02:55:02,212 [INFO] Recognized user AutoUser with confidence 55.30
2026-01-29 02:55:02,279 [INFO] Recognized user AutoUser with confidence 56.68
2026-01-29 02:55:02,346 [INFO] Recognized user AutoUser with confidence 56.03
2026-01-29 02:55:02,411 [INFO] Recognized user AutoUser with confidence 53.66
2026-01-29 02:55:02,478 [INFO] Recognized user AutoUser with confidence 54.88
2026-01-29 02:55:02,544 [INFO] Recognized user AutoUser with confidence 54.76
2026-01-29 02:55:02,612 [INFO] Recognized user AutoUser with confidence 54.35
2026-01-29 02:55:02,676 [INFO] Recognized user AutoUser with confidence 54.18
2026-01-29 02:55:02,744 [INFO] Recognized user AutoUser with confidence 56.94
2026-01-29 02:55:02,810 [INFO] Recognized user AutoUser with confidence 59.00
2026-01-29 02:55:02,878 [INFO] Recognized user AutoUser with confidence 57.45
2026-01-29 02:55:02,944 [INFO] Recognized user AutoUser with confidence 57.50
2026-01-29 02:55:03,012 [INFO] Recognized user AutoUser with confidence 58.53
2026-01-29 02:55:03,076 [INFO] Recognized user AutoUser with confidence 56.35
2026-01-29 02:55:03,145 [INFO] Recognized user AutoUser with confidence 59.43
2026-01-29 02:55:03,211 [INFO] Recognized user AutoUser with confidence 62.27
2026-01-29 02:55:03,278 [INFO] Recognized user AutoUser with confidence 60.34
2026-01-29 02:55:03,343 [INFO] Recognized user AutoUser with confidence 60.17
2026-01-29 02:55:03,411 [INFO] Recognized user AutoUser with confidence 58.59
2026-01-29 02:55:03,477 [INFO] Recognized user AutoUser with confidence 58.17
2026-01-29 02:55:03,546 [INFO] Recognized user AutoUser with confidence 54.19
2026-01-29 02:55:03,610 [INFO] Recognized user AutoUser with confidence 58.43
2026-01-29 02:55:03,678 [INFO] Recognized user AutoUser with confidence 59.38
2026-01-29 02:55:03,745 [INFO] Recognized user AutoUser with confidence 59.62
2026-01-29 02:55:03,812 [INFO] Recognized user AutoUser with confidence 62.79
2026-01-29 02:55:03,878 [INFO] Recognized user AutoUser with confidence 60.95
2026-01-29 02:55:03,943 [INFO] Recognized user AutoUser with confidence 59.53
2026-01-29 02:55:04,012 [INFO] Recognized user AutoUser with confidence 61.85
2026-01-29 02:55:04,076 [INFO] Recognized user AutoUser with confidence 58.68
2026-01-29 02:55:04,144 [INFO] Recognized user AutoUser with confidence 58.38
2026-01-29 02:55:04,211 [INFO] Recognized user AutoUser with confidence 62.68
2026-01-29 02:55:04,277 [INFO] Recognized user AutoUser with confidence 62.21
2026-01-29 02:55:04,343 [INFO] Recognized user AutoUser with confidence 69.71
2026-01-29 02:55:04,541 [INFO] Recognized user AutoUser with confidence 65.10
2026-01-29 02:55:04,678 [INFO] Recognized user AutoUser with confidence 67.71
2026-01-29 02:55:05,042 [INFO] Recognized user AutoUser with confidence 63.87
2026-01-29 02:55:05,109 [INFO] Recognized user AutoUser with confidence 62.47
2026-01-29 02:55:05,176 [INFO] Recognized user AutoUser with confidence 64.65
2026-01-29 02:55:05,243 [INFO] Recognized user AutoUser with confidence 61.55
2026-01-29 02:55:05,378 [INFO] Recognized user AutoUser with confidence 62.58
2026-01-29 02:55:05,444 [INFO] Recognized user AutoUser with confidence 62.36
2026-01-29 02:55:05,607 [INFO] Recognized user AutoUser with confidence 58.29
2026-01-29 02:55:05,776 [INFO] Recognized user AutoUser with confidence 60.54
2026-01-29 02:55:05,845 [INFO] Recognized user AutoUser with confidence 64.21
2026-01-29 02:55:05,911 [INFO] Recognized user AutoUser with confidence 66.17
2026-01-29 02:55:05,977 [INFO] Recognized user AutoUser with confidence 65.03
2026-01-29 02:55:06,041 [INFO] Recognized user AutoUser with confidence 66.51
2026-01-29 02:55:06,175 [INFO] Recognized user AutoUser with confidence 64.13
2026-01-29 02:55:06,245 [INFO] Recognized user AutoUser with confidence 67.28
2026-01-29 02:55:06,311 [INFO] Recognized user AutoUser with confidence 64.86
2026-01-29 02:55:06,377 [INFO] Recognized user AutoUser with confidence 67.43
2026-01-29 02:55:06,445 [INFO] Recognized user AutoUser with confidence 65.95
2026-01-29 02:55:06,575 [INFO] Recognized user AutoUser with confidence 65.51
2026-01-29 02:55:06,643 [INFO] Recognized user AutoUser with confidence 63.30
2026-01-29 02:55:06,709 [INFO] Recognized user AutoUser with confidence 63.30
2026-01-29 02:55:06,777 [INFO] Recognized user AutoUser with confidence 58.63
2026-01-29 02:55:06,874 [INFO] Recognized user AutoUser with confidence 59.72
2026-01-29 02:55:06,943 [INFO] Recognized user AutoUser with confidence 60.30
2026-01-29 02:55:07,010 [INFO] Recognized user AutoUser with confidence 58.36
2026-01-29 02:55:07,075 [INFO] Recognized user AutoUser with confidence 57.40
2026-01-29 02:55:07,143 [INFO] Recognized user AutoUser with confidence 57.26
2026-01-29 02:55:07,209 [INFO] Recognized user AutoUser with confidence 58.14
2026-01-29 02:55:07,276 [INFO] Recognized user AutoUser with confidence 58.69
2026-01-29 02:55:07,343 [INFO] Recognized user AutoUser with confidence 59.84
2026-01-29 02:55:07,410 [INFO] Recognized user AutoUser with confidence 59.41
2026-01-29 02:55:07,479 [INFO] Recognized user AutoUser with confidence 60.58
2026-01-29 02:55:07,542 [INFO] Recognized user AutoUser with confidence 60.29
2026-01-29 02:55:07,611 [INFO] Recognized user AutoUser with confidence 61.13
2026-01-29 02:55:07,675 [INFO] Recognized user AutoUser with confidence 60.20
2026-01-29 02:55:07,745 [INFO] Recognized user AutoUser with confidence 60.09
2026-01-29 02:55:07,809 [INFO] Recognized user AutoUser with confidence 60.37
2026-01-29 02:55:07,877 [INFO] Recognized user AutoUser with confidence 62.23
2026-01-29 02:55:07,942 [INFO] Recognized user AutoUser with confidence 63.49
2026-01-29 02:55:08,007 [INFO] Recognized user AutoUser with confidence 61.20
2026-01-29 02:55:08,075 [INFO] Recognized user AutoUser with confidence 60.25
2026-01-29 02:55:08,144 [INFO] Recognized user AutoUser with confidence 59.60
2026-01-29 02:55:08,208 [INFO] Recognized user AutoUser with confidence 59.60
2026-01-29 02:55:08,279 [INFO] Recognized user AutoUser with confidence 59.25
2026-01-29 02:55:08,342 [INFO] Recognized user AutoUser with confidence 58.68
2026-01-29 02:55:08,411 [INFO] Recognized user AutoUser with confidence 57.54
2026-01-29 02:55:08,476 [INFO] Recognized user AutoUser with confidence 56.86
2026-01-29 02:55:08,541 [INFO] Recognized user AutoUser with confidence 57.43
2026-01-29 02:55:08,611 [INFO] Recognized user AutoUser with confidence 56.71
2026-01-29 02:55:08,673 [INFO] Recognized user AutoUser with confidence 55.67
2026-01-29 02:55:08,745 [INFO] Recognized user AutoUser with confidence 56.02
2026-01-29 02:55:08,808 [INFO] Recognized user AutoUser with confidence 54.80
2026-01-29 02:55:08,879 [INFO] Recognized user AutoUser with confidence 54.12
2026-01-29 02:55:08,941 [INFO] Recognized user AutoUser with confidence 54.62
2026-01-29 02:55:09,011 [INFO] Recognized user AutoUser with confidence 55.91
2026-01-29 02:55:09,074 [INFO] Recognized user AutoUser with confidence 55.26
2026-01-29 02:55:09,144 [INFO] Recognized user AutoUser with confidence 54.88
2026-01-29 02:55:09,207 [INFO] Recognized user AutoUser with confidence 55.20
2026-01-29 02:55:09,278 [INFO] Recognized user AutoUser with confidence 55.24
2026-01-29 02:55:09,341 [INFO] Recognized user AutoUser with confidence 55.04
2026-01-29 02:55:09,410 [INFO] Recognized user AutoUser with confidence 54.45
2026-01-29 02:55:09,473 [INFO] Recognized user AutoUser with confidence 55.52
2026-01-29 02:55:09,542 [INFO] Recognized user AutoUser with confidence 56.01
2026-01-29 02:55:09,606 [INFO] Recognized user AutoUser with confidence 56.94
2026-01-29 02:55:09,675 [INFO] Recognized user AutoUser with confidence 57.04
2026-01-29 02:55:09,757 [INFO] MediaPipe not available; cannot run EAR blink detection
2026-01-29 02:55:09,935 [INFO] Starting simple blink prompt for spoof detection
2026-01-29 02:55:10,025 [INFO] Blink/motion detected, score=135.00
2026-01-29 02:55:10,240 [INFO] Already punched in/out today for AutoUser
2026-01-29 02:55:10,432 [INFO] Recognized user AutoUser with confidence 68.82
2026-01-29 02:55:10,497 [INFO] Recognized user AutoUser with confidence 64.52
2026-01-29 02:55:10,559 [INFO] Recognized user AutoUser with confidence 54.73
2026-01-29 02:55:10,624 [INFO] Recognized user AutoUser with confidence 51.01
2026-01-29 02:55:10,693 [INFO] Recognized user AutoUser with confidence 52.10
2026-01-29 02:55:10,758 [INFO] Recognized user AutoUser with confidence 54.24
2026-01-29 02:55:10,828 [INFO] Recognized user AutoUser with confidence 57.86
2026-01-29 02:55:10,895 [INFO] Recognized user AutoUser with confidence 61.32
2026-01-29 02:55:10,965 [INFO] Recognized user AutoUser with confidence 55.57
2026-01-29 02:55:11,028 [INFO] Recognized user AutoUser with confidence 57.16
2026-01-29 02:55:11,099 [INFO] Recognized user AutoUser with confidence 56.63
2026-01-29 02:55:11,197 [INFO] Recognized user AutoUser with confidence 59.56
2026-01-29 02:55:11,266 [INFO] Recognized user AutoUser with confidence 59.92
2026-01-29 02:55:11,332 [INFO] Recognized user AutoUser with confidence 60.60
2026-01-29 02:55:11,467 [INFO] Recognized user AutoUser with confidence 58.09
2026-01-29 02:55:11,533 [INFO] Recognized user AutoUser with confidence 57.77
2026-01-29 02:55:11,599 [INFO] Recognized user AutoUser with confidence 57.90
2026-01-29 02:55:11,666 [INFO] Recognized user AutoUser with confidence 59.26
2026-01-29 02:55:11,730 [INFO] Recognized user AutoUser with confidence 56.44
2026-01-29 02:55:11,799 [INFO] Recognized user AutoUser with confidence 56.75
2026-01-29 02:55:11,864 [INFO] Recognized user AutoUser with confidence 56.20
2026-01-29 02:55:11,931 [INFO] Recognized user AutoUser with confidence 59.36
2026-01-29 02:55:11,998 [INFO] Recognized user AutoUser with confidence 57.85
2026-01-29 02:55:12,064 [INFO] Recognized user AutoUser with confidence 57.42
2026-01-29 02:55:12,128 [INFO] Recognized user AutoUser with confidence 52.72
2026-01-29 02:55:12,197 [INFO] Recognized user AutoUser with confidence 56.17
2026-01-29 02:55:12,262 [INFO] Recognized user AutoUser with confidence 54.42
2026-01-29 02:55:12,328 [INFO] Recognized user AutoUser with confidence 54.72
2026-01-29 02:55:12,394 [INFO] Recognized user AutoUser with confidence 53.53
2026-01-29 02:55:12,462 [INFO] Recognized user AutoUser with confidence 53.34
2026-01-29 02:55:12,529 [INFO] Recognized user AutoUser with confidence 53.04
2026-01-29 02:55:12,595 [INFO] Recognized user AutoUser with confidence 53.64
2026-01-29 02:55:12,662 [INFO] Recognized user AutoUser with confidence 53.60
2026-01-29 02:55:12,729 [INFO] Recognized user AutoUser with confidence 54.72
2026-01-29 02:55:12,795 [INFO] Recognized user AutoUser with confidence 56.62
2026-01-29 02:55:12,863 [INFO] Recognized user AutoUser with confidence 55.78
2026-01-29 02:55:12,929 [INFO] Recognized user AutoUser with confidence 57.39
2026-01-29 02:55:12,998 [INFO] Recognized user AutoUser with confidence 56.49
2026-01-29 02:55:13,063 [INFO] Recognized user AutoUser with confidence 58.03
2026-01-29 02:55:13,130 [INFO] Recognized user AutoUser with confidence 57.13
2026-01-29 02:55:13,196 [INFO] Recognized user AutoUser with confidence 56.30
2026-01-29 02:55:13,264 [INFO] Recognized user AutoUser with confidence 57.46
2026-01-29 02:55:13,330 [INFO] Recognized user AutoUser with confidence 57.99
2026-01-29 02:55:13,398 [INFO] Recognized user AutoUser with confidence 57.07
2026-01-29 02:55:13,463 [INFO] Recognized user AutoUser with confidence 56.45
2026-01-29 02:55:13,531 [INFO] Recognized user AutoUser with confidence 56.79
2026-01-29 02:55:13,596 [INFO] Recognized user AutoUser with confidence 58.15
2026-01-29 02:55:13,663 [INFO] Recognized user AutoUser with confidence 56.51
2026-01-29 02:55:13,729 [INFO] Recognized user AutoUser with confidence 55.19
2026-01-29 02:55:13,796 [INFO] Recognized user AutoUser with confidence 55.36
2026-01-29 02:55:13,862 [INFO] Recognized user AutoUser with confidence 57.41
2026-01-29 02:55:13,931 [INFO] Recognized user AutoUser with confidence 57.51
2026-01-29 02:55:13,996 [INFO] Recognized user AutoUser with confidence 57.93
2026-01-29 02:55:14,063 [INFO] Recognized user AutoUser with confidence 55.76
2026-01-29 02:55:14,128 [INFO] Recognized user AutoUser with confidence 55.16
2026-01-29 02:55:14,196 [INFO] Recognized user AutoUser with confidence 54.59
2026-01-29 02:55:14,261 [INFO] Recognized user AutoUser with confidence 55.58
2026-01-29 02:55:14,330 [INFO] Recognized user AutoUser with confidence 56.35
2026-01-29 02:55:14,395 [INFO] Recognized user AutoUser with confidence 57.91
2026-01-29 02:55:14,463 [INFO] Recognized user AutoUser with confidence 58.47
2026-01-29 02:55:14,528 [INFO] Recognized user AutoUser with confidence 58.94
2026-01-29 02:55:14,594 [INFO] Recognized user AutoUser with confidence 59.11
2026-01-29 02:55:14,662 [INFO] Recognized user AutoUser with confidence 60.64
2026-01-29 02:55:14,727 [INFO] Recognized user AutoUser with confidence 58.69
2026-01-29 02:55:14,797 [INFO] Recognized user AutoUser with confidence 58.29
2026-01-29 02:55:14,861 [INFO] Recognized user AutoUser with confidence 58.21
2026-01-29 02:55:14,931 [INFO] Recognized user AutoUser with confidence 59.50
2026-01-29 02:55:14,995 [INFO] Recognized user AutoUser with confidence 59.37
2026-01-29 02:55:15,062 [INFO] Recognized user AutoUser with confidence 60.61
2026-01-29 02:55:15,129 [INFO] Recognized user AutoUser with confidence 61.47
2026-01-29 02:55:15,194 [INFO] Recognized user AutoUser with confidence 59.41
2026-01-29 02:55:15,261 [INFO] Recognized user AutoUser with confidence 58.53
2026-01-29 02:55:15,329 [INFO] Recognized user AutoUser with confidence 59.01
2026-01-29 02:55:15,397 [INFO] Recognized user AutoUser with confidence 57.95
2026-01-29 02:55:15,461 [INFO] Recognized user AutoUser with confidence 59.90
2026-01-29 02:55:15,527 [INFO] Recognized user AutoUser with confidence 56.47
2026-01-29 02:55:15,594 [INFO] Recognized user AutoUser with confidence 57.37
2026-01-29 02:55:15,660 [INFO] Recognized user AutoUser with confidence 57.38
2026-01-29 02:55:15,727 [INFO] Recognized user AutoUser with confidence 59.22
2026-01-29 02:55:15,794 [INFO] Recognized user AutoUser with confidence 58.98
2026-01-29 02:55:15,861 [INFO] Recognized user AutoUser with confidence 60.05
2026-01-29 02:55:15,927 [INFO] Recognized user AutoUser with confidence 59.37
2026-01-29 02:55:15,994 [INFO] Recognized user AutoUser with confidence 59.26
2026-01-29 02:55:16,060 [INFO] Recognized user AutoUser with confidence 58.10
2026-01-29 02:55:16,129 [INFO] Recognized user AutoUser with confidence 58.98
2026-01-29 02:55:16,194 [INFO] Recognized user AutoUser with confidence 59.84
2026-01-29 02:55:16,263 [INFO] Recognized user AutoUser with confidence 58.66
2026-01-29 02:55:16,329 [INFO] Recognized user AutoUser with confidence 60.06
2026-01-29 02:55:16,396 [INFO] Recognized user AutoUser with confidence 59.78
2026-01-29 02:55:16,462 [INFO] Recognized user AutoUser with confidence 58.56
2026-01-29 02:55:16,528 [INFO] Recognized user AutoUser with confidence 58.14
2026-01-29 02:55:16,594 [INFO] Recognized user AutoUser with confidence 59.87
2026-01-29 02:55:16,661 [INFO] Recognized user AutoUser with confidence 57.57
2026-01-29 02:55:16,729 [INFO] Recognized user AutoUser with confidence 58.91
2026-01-29 02:55:16,795 [INFO] Recognized user AutoUser with confidence 59.07
2026-01-29 02:55:16,864 [INFO] Recognized user AutoUser with confidence 59.31
2026-01-29 02:55:16,942 [INFO] Recognized user AutoUser with confidence 58.40
2026-01-29 02:55:16,991 [INFO] Recognized user AutoUser with confidence 59.08
2026-01-29 02:55:17,060 [INFO] Recognized user AutoUser with confidence 58.18
2026-01-29 02:55:17,127 [INFO] Recognized user AutoUser with confidence 59.56
2026-01-29 02:55:17,195 [INFO] Recognized user AutoUser with confidence 60.21
2026-01-29 02:55:17,261 [INFO] Recognized user AutoUser with confidence 58.00
2026-01-29 02:55:17,328 [INFO] Recognized user AutoUser with confidence 59.60
2026-01-29 02:55:17,393 [INFO] Recognized user AutoUser with confidence 60.76
2026-01-29 02:55:17,511 [INFO] Recognized user AutoUser with confidence 59.64
2026-01-29 02:55:17,558 [INFO] Recognized user AutoUser with confidence 61.50
2026-01-29 02:55:17,625 [INFO] Recognized user AutoUser with confidence 59.68
2026-01-29 02:55:17,690 [INFO] Recognized user AutoUser with confidence 60.34
2026-01-29 02:55:17,756 [INFO] Recognized user AutoUser with confidence 60.24
2026-01-29 02:55:17,824 [INFO] Recognized user AutoUser with confidence 60.66
2026-01-29 02:55:17,895 [INFO] Recognized user AutoUser with confidence 60.81
2026-01-29 02:55:17,958 [INFO] Recognized user AutoUser with confidence 59.89
2026-01-29 02:55:18,024 [INFO] Recognized user AutoUser with confidence 61.28
2026-01-29 02:55:18,091 [INFO] Recognized user AutoUser with confidence 61.63
2026-01-29 02:55:18,156 [INFO] Recognized user AutoUser with confidence 60.60
2026-01-29 02:55:18,224 [INFO] Recognized user AutoUser with confidence 61.84
2026-01-29 02:55:18,291 [INFO] Recognized user AutoUser with confidence 61.45
2026-01-29 02:55:18,358 [INFO] Recognized user AutoUser with confidence 61.14
2026-01-29 02:55:18,425 [INFO] Recognized user AutoUser with confidence 61.30
2026-01-29 02:55:18,489 [INFO] Recognized user AutoUser with confidence 60.96
2026-01-29 02:55:18,557 [INFO] Recognized user AutoUser with confidence 61.84
2026-01-29 02:55:18,623 [INFO] Recognized user AutoUser with confidence 60.94
2026-01-29 02:55:18,690 [INFO] Recognized user AutoUser with confidence 61.57
2026-01-29 02:55:18,759 [INFO] Recognized user AutoUser with confidence 61.83
2026-01-29 02:55:18,824 [INFO] Recognized user AutoUser with confidence 61.50
2026-01-29 02:55:18,890 [INFO] Recognized user AutoUser with confidence 60.87
2026-01-29 02:55:18,956 [INFO] Recognized user AutoUser with confidence 60.18
2026-01-29 02:55:19,022 [INFO] Recognized user AutoUser with confidence 60.86
2026-01-29 02:55:19,091 [INFO] Recognized user AutoUser with confidence 61.52
2026-01-29 02:55:19,156 [INFO] Recognized user AutoUser with confidence 60.10
2026-01-29 02:55:19,223 [INFO] Recognized user AutoUser with confidence 61.13
2026-01-29 02:55:19,292 [INFO] Recognized user AutoUser with confidence 61.68
2026-01-29 02:55:19,357 [INFO] Recognized user AutoUser with confidence 61.12
2026-01-29 02:55:19,422 [INFO] Recognized user AutoUser with confidence 62.12
2026-01-29 02:55:19,490 [INFO] Recognized user AutoUser with confidence 60.27
2026-01-29 02:55:19,562 [INFO] Recognized user AutoUser with confidence 60.87
2026-01-29 02:55:19,624 [INFO] Recognized user AutoUser with confidence 60.40
2026-01-29 02:55:19,688 [INFO] Recognized user AutoUser with confidence 60.76
2026-01-29 02:55:19,831 [INFO] MediaPipe not available; cannot run EAR blink detection
2026-01-29 02:55:20,016 [INFO] Starting simple blink prompt for spoof detection
2026-01-29 02:55:20,110 [INFO] Blink/motion detected, score=135.60
2026-01-29 02:55:20,336 [INFO] Already punched in/out today for AutoUser
2026-01-29 02:55:20,622 [INFO] Recognized user AutoUser with confidence 65.37
2026-01-29 02:55:20,710 [INFO] Recognized user AutoUser with confidence 57.54
2026-01-29 02:55:20,754 [INFO] Recognized user AutoUser with confidence 56.81
2026-01-29 02:55:20,822 [INFO] Recognized user AutoUser with confidence 56.35
2026-01-29 02:55:20,889 [INFO] Recognized user AutoUser with confidence 58.64
2026-01-29 02:55:20,954 [INFO] Recognized user AutoUser with confidence 60.12
2026-01-29 02:55:21,022 [INFO] Recognized user AutoUser with confidence 59.43
2026-01-29 02:55:21,088 [INFO] Recognized user AutoUser with confidence 59.80
2026-01-29 02:55:21,156 [INFO] Recognized user AutoUser with confidence 59.92
2026-01-29 02:55:21,234 [INFO] Recognized user AutoUser with confidence 58.88
2026-01-29 02:55:21,307 [INFO] Recognized user AutoUser with confidence 59.95
2026-01-29 02:55:21,357 [INFO] Recognized user AutoUser with confidence 59.43
2026-01-29 02:55:21,420 [INFO] Recognized user AutoUser with confidence 61.04
2026-01-29 02:55:21,487 [INFO] Recognized user AutoUser with confidence 59.81
2026-01-29 02:55:21,552 [INFO] Recognized user AutoUser with confidence 60.88
2026-01-29 02:55:21,619 [INFO] Recognized user AutoUser with confidence 60.07
2026-01-29 02:55:21,685 [INFO] Recognized user AutoUser with confidence 60.22
2026-01-29 02:55:21,754 [INFO] Recognized user AutoUser with confidence 59.49
2026-01-29 02:55:21,819 [INFO] Recognized user AutoUser with confidence 60.30
2026-01-29 02:55:21,885 [INFO] Recognized user AutoUser with confidence 60.41
2026-01-29 02:55:21,956 [INFO] Recognized user AutoUser with confidence 60.71
2026-01-29 02:55:22,019 [INFO] Recognized user AutoUser with confidence 61.03
2026-01-29 02:55:22,086 [INFO] Recognized user AutoUser with confidence 60.02
2026-01-29 02:55:22,153 [INFO] Recognized user AutoUser with confidence 59.46
2026-01-29 02:55:22,220 [INFO] Recognized user AutoUser with confidence 60.79
2026-01-29 02:55:22,286 [INFO] Recognized user AutoUser with confidence 60.87
2026-01-29 02:55:22,352 [INFO] Recognized user AutoUser with confidence 59.95
2026-01-29 02:55:22,419 [INFO] Recognized user AutoUser with confidence 60.79
2026-01-29 02:55:22,485 [INFO] Recognized user AutoUser with confidence 60.96
2026-01-29 02:55:22,552 [INFO] Recognized user AutoUser with confidence 60.82
2026-01-29 02:55:22,618 [INFO] Recognized user AutoUser with confidence 61.53
2026-01-29 02:55:22,686 [INFO] Recognized user AutoUser with confidence 60.77
2026-01-29 02:55:22,752 [INFO] Recognized user AutoUser with confidence 60.96
2026-01-29 02:55:22,818 [INFO] Recognized user AutoUser with confidence 60.63
2026-01-29 02:55:22,887 [INFO] Recognized user AutoUser with confidence 60.93
2026-01-29 02:55:22,951 [INFO] Recognized user AutoUser with confidence 60.43
2026-01-29 02:55:23,019 [INFO] Recognized user AutoUser with confidence 59.86
2026-01-29 02:55:23,085 [INFO] Recognized user AutoUser with confidence 61.80
2026-01-29 02:55:23,153 [INFO] Recognized user AutoUser with confidence 60.61
2026-01-29 02:55:23,221 [INFO] Recognized user AutoUser with confidence 61.20
2026-01-29 02:55:23,285 [INFO] Recognized user AutoUser with confidence 60.34
2026-01-29 02:55:23,353 [INFO] Recognized user AutoUser with confidence 61.19
2026-01-29 02:55:23,417 [INFO] Recognized user AutoUser with confidence 60.96
2026-01-29 02:55:23,484 [INFO] Recognized user AutoUser with confidence 60.94
2026-01-29 02:55:23,552 [INFO] Recognized user AutoUser with confidence 59.82
2026-01-29 02:55:23,619 [INFO] Recognized user AutoUser with confidence 59.94
2026-01-29 02:55:23,684 [INFO] Recognized user AutoUser with confidence 59.06
2026-01-29 02:55:23,751 [INFO] Recognized user AutoUser with confidence 59.88
2026-01-29 02:55:23,819 [INFO] Recognized user AutoUser with confidence 60.86
2026-01-29 02:55:23,885 [INFO] Recognized user AutoUser with confidence 61.07
2026-01-29 02:55:23,951 [INFO] Recognized user AutoUser with confidence 61.10
2026-01-29 02:55:24,018 [INFO] Recognized user AutoUser with confidence 60.12
2026-01-29 02:55:24,086 [INFO] Recognized user AutoUser with confidence 60.11
2026-01-29 02:55:24,151 [INFO] Recognized user AutoUser with confidence 60.28
2026-01-29 02:55:24,217 [INFO] Recognized user AutoUser with confidence 59.91
2026-01-29 02:55:24,284 [INFO] Recognized user AutoUser with confidence 59.26
2026-01-29 02:55:24,351 [INFO] Recognized user AutoUser with confidence 61.10
2026-01-29 02:55:24,417 [INFO] Recognized user AutoUser with confidence 61.18
2026-01-29 02:55:24,484 [INFO] Recognized user AutoUser with confidence 60.30
2026-01-29 02:55:24,552 [INFO] Recognized user AutoUser with confidence 60.01
2026-01-29 02:55:24,618 [INFO] Recognized user AutoUser with confidence 61.09
2026-01-29 02:55:24,686 [INFO] Recognized user AutoUser with confidence 61.78
2026-01-29 02:55:24,752 [INFO] Recognized user AutoUser with confidence 63.52
2026-01-29 02:55:24,818 [INFO] Recognized user AutoUser with confidence 61.56
2026-01-29 02:55:24,885 [INFO] Recognized user AutoUser with confidence 64.80
2026-01-29 02:55:24,951 [INFO] Recognized user AutoUser with confidence 65.03
2026-01-29 02:55:25,020 [INFO] Recognized user AutoUser with confidence 64.18
2026-01-29 02:55:25,085 [INFO] Recognized user AutoUser with confidence 63.81
2026-01-29 02:55:25,152 [INFO] Recognized user AutoUser with confidence 64.01
2026-01-29 02:55:25,219 [INFO] Recognized user 12209647 with confidence 61.52
2026-01-29 02:55:25,304 [INFO] MediaPipe not available; cannot run EAR blink detection
2026-01-29 02:55:25,499 [INFO] Starting simple blink prompt for spoof detection
2026-01-29 02:55:25,594 [INFO] Blink/motion detected, score=136.27
2026-01-29 02:55:25,820 [INFO] Already punched in/out today for 12209647
2026-01-29 02:55:26,607 [INFO] Recognized user AutoUser with confidence 60.87
2026-01-29 02:55:26,771 [INFO] Recognized user AutoUser with confidence 61.80
2026-01-29 02:55:26,836 [INFO] Recognized user AutoUser with confidence 61.47
2026-01-29 02:55:26,902 [INFO] Recognized user AutoUser with confidence 61.52
2026-01-29 02:55:27,107 [INFO] Recognized user AutoUser with confidence 63.05
2026-01-29 02:55:27,172 [INFO] Recognized user AutoUser with confidence 63.39
2026-01-29 02:55:27,269 [INFO] Recognized user AutoUser with confidence 62.53
2026-01-29 02:55:27,335 [INFO] Recognized user AutoUser with confidence 62.77
2026-01-29 02:55:27,403 [INFO] Recognized user AutoUser with confidence 64.10
2026-01-29 02:55:27,470 [INFO] Recognized user AutoUser with confidence 61.33
2026-01-29 02:55:27,535 [INFO] Recognized user AutoUser with confidence 61.96
2026-01-29 02:55:27,602 [INFO] Recognized user AutoUser with confidence 62.30
2026-01-29 02:55:27,669 [INFO] Recognized user AutoUser with confidence 62.24
2026-01-29 02:55:27,735 [INFO] Recognized user AutoUser with confidence 63.14
2026-01-29 02:55:27,802 [INFO] Recognized user AutoUser with confidence 63.01
2026-01-29 02:55:27,936 [INFO] Recognized user AutoUser with confidence 63.37
2026-01-29 02:55:28,002 [INFO] Recognized user AutoUser with confidence 62.46
2026-01-29 02:55:28,069 [INFO] Recognized user AutoUser with confidence 63.63
2026-01-29 02:55:28,135 [INFO] Recognized user AutoUser with confidence 63.69
2026-01-29 02:55:28,203 [INFO] Recognized user AutoUser with confidence 61.70
2026-01-29 02:55:28,270 [INFO] Recognized user AutoUser with confidence 61.60
2026-01-29 02:55:28,336 [INFO] Recognized user AutoUser with confidence 62.98
2026-01-29 02:55:28,403 [INFO] Recognized user AutoUser with confidence 63.77
2026-01-29 02:55:28,468 [INFO] Recognized user AutoUser with confidence 62.84
2026-01-29 02:55:28,535 [INFO] Recognized user AutoUser with confidence 62.58
2026-01-29 02:55:28,602 [INFO] Recognized user AutoUser with confidence 63.77
2026-01-29 02:55:28,669 [INFO] Recognized user AutoUser with confidence 62.27
2026-01-29 02:55:28,768 [INFO] Recognized user AutoUser with confidence 62.93
2026-01-29 02:55:28,835 [INFO] Recognized user AutoUser with confidence 61.54
2026-01-29 02:55:28,902 [INFO] Recognized user AutoUser with confidence 62.13
2026-01-29 02:55:29,002 [INFO] Recognized user AutoUser with confidence 62.30
2026-01-29 02:55:29,068 [INFO] Recognized user AutoUser with confidence 62.30
2026-01-29 02:55:29,136 [INFO] Recognized user AutoUser with confidence 62.02
2026-01-29 02:55:29,369 [INFO] Recognized user AutoUser with confidence 64.20
2026-01-29 02:55:29,435 [INFO] Recognized user AutoUser with confidence 64.49
2026-01-29 02:55:29,503 [INFO] Recognized user AutoUser with confidence 62.74
2026-01-29 02:55:29,601 [INFO] Recognized user AutoUser with confidence 63.13
2026-01-29 02:55:29,735 [INFO] Recognized user AutoUser with confidence 63.73
2026-01-29 02:55:29,821 [INFO] MediaPipe not available; cannot run EAR blink detection
2026-01-29 02:55:29,990 [INFO] Starting simple blink prompt for spoof detection
2026-01-29 02:55:30,085 [INFO] Blink/motion detected, score=135.37
2026-01-29 02:55:30,300 [INFO] Already punched in/out today for AutoUser
2026-01-29 02:55:30,728 [INFO] Recognized user AutoUser with confidence 57.40
2026-01-29 02:55:30,788 [INFO] Recognized user AutoUser with confidence 57.89
2026-01-29 02:55:30,853 [INFO] Recognized user AutoUser with confidence 58.32
2026-01-29 02:55:30,920 [INFO] Recognized user AutoUser with confidence 59.53
2026-01-29 02:55:30,990 [INFO] Recognized user AutoUser with confidence 59.36
2026-01-29 02:55:31,053 [INFO] Recognized user AutoUser with confidence 58.90
2026-01-29 02:55:31,122 [INFO] Recognized user AutoUser with confidence 58.53
2026-01-29 02:55:31,189 [INFO] Recognized user AutoUser with confidence 59.05
2026-01-29 02:55:31,254 [INFO] Recognized user AutoUser with confidence 58.31
2026-01-29 02:55:31,318 [INFO] Recognized user AutoUser with confidence 60.18
2026-01-29 02:55:31,385 [INFO] Recognized user AutoUser with confidence 59.16
2026-01-29 02:55:31,453 [INFO] Recognized user AutoUser with confidence 60.20
2026-01-29 02:55:31,518 [INFO] Recognized user AutoUser with confidence 60.55
2026-01-29 02:55:31,584 [INFO] Recognized user AutoUser with confidence 60.14
2026-01-29 02:55:31,651 [INFO] Recognized user AutoUser with confidence 58.22
2026-01-29 02:55:31,719 [INFO] Recognized user AutoUser with confidence 58.64
2026-01-29 02:55:31,785 [INFO] Recognized user AutoUser with confidence 60.48
2026-01-29 02:55:31,851 [INFO] Recognized user AutoUser with confidence 59.37
2026-01-29 02:55:31,919 [INFO] Recognized user AutoUser with confidence 58.13
2026-01-29 02:55:31,985 [INFO] Recognized user AutoUser with confidence 59.40
2026-01-29 02:55:32,052 [INFO] Recognized user AutoUser with confidence 59.83
2026-01-29 02:55:32,118 [INFO] Recognized user AutoUser with confidence 57.59
2026-01-29 02:55:32,185 [INFO] Recognized user AutoUser with confidence 58.07
2026-01-29 02:55:32,251 [INFO] Recognized user AutoUser with confidence 59.93
2026-01-29 02:55:32,318 [INFO] Recognized user AutoUser with confidence 60.02
2026-01-29 02:55:32,386 [INFO] Recognized user AutoUser with confidence 60.06
2026-01-29 02:55:32,452 [INFO] Recognized user AutoUser with confidence 58.06
2026-01-29 02:55:32,517 [INFO] Recognized user AutoUser with confidence 62.39
2026-01-29 02:55:32,585 [INFO] Recognized user AutoUser with confidence 62.84
2026-01-29 02:55:32,652 [INFO] Recognized user AutoUser with confidence 61.80
2026-01-29 02:55:32,717 [INFO] Recognized user AutoUser with confidence 60.74
2026-01-29 02:55:32,784 [INFO] Recognized user AutoUser with confidence 60.64
2026-01-29 02:55:32,852 [INFO] Recognized user AutoUser with confidence 60.12
2026-01-29 02:55:32,918 [INFO] Recognized user AutoUser with confidence 64.75
2026-01-29 02:55:32,984 [INFO] Recognized user AutoUser with confidence 67.45
2026-01-29 02:55:33,052 [INFO] Recognized user AutoUser with confidence 67.27
2026-01-29 02:55:33,119 [INFO] Recognized user AutoUser with confidence 67.08
2026-01-29 02:55:33,185 [INFO] Recognized user AutoUser with confidence 65.31
2026-01-29 02:55:33,193 [INFO] User ended recognition with 'q'
